-596,108,-16768,238,234,11,558955972
-512,60,-16764,191,227,30,559154288
-560,152,-16880,217,191,-5,559352498
-532,200,-16808,255,221,786,17958912
-556,32,-16832,204,234,14,559750007
-556,28,-16892,206,220,24,559948240
-488,100,-16716,194,265,251,560146493
-428,164,-16824,187,254,37,560344821
-572,84,-16756,220,234,23,560543025
-476,200,-16740,223,267,41,560742297
-456,180,-16704,231,237,2,560940615
-540,140,-16816,243,247,45,561138964
-576,72,-16860,249,239,0,561337282
-496,128,-16828,258,239,36,561535639
-676,128,-16812,291,266,30,561734812
-552,80,-16868,240,220,15,561933152
-492,116,-16872,265,241,59,562131480
-276,104,-16848,486,243,2,562329819
-516,80,-16792,223,231,11,562528265
-504,76,-16696,239,265,-17,562727305
-464,140,-16768,202,216,5,562925652
-484,164,-16740,217,222,-5,563123889
-548,80,-16876,213,208,2,563322233
-572,88,-16860,239,205,47,563520550
-516,48,-16872,236,220,14,563719840
-640,148,-16896,228,277,37,563918175
-568,136,-16868,206,252,-16,564116507
-440,76,-16768,206,235,21,564314848
-420,124,-16792,227,251,40,564513192
-504,100,-16760,187,239,22,564712483
-456,96,-16760,183,222,7,564910815
-540,196,-16772,215,260,-3,565109179
-508,108,-16712,246,239,4,565307496
-516,44,-16872,262,214,30,565505859
-560,140,-16796,239,229,30,565705965
-540,84,-16876,238,232,-4,565904305
-736,188,-16768,191,255,530,3188355584
-548,56,-16848,244,262,2,3238072880
-468,160,-16760,201,255,13,566499309
-264,200,-16596,202,257,11,566698582
-636,176,-16700,206,220,14,566896939
-504,164,-16688,231,243,21,567095264
-276,192,-16800,223,234,-1,567293614
-572,80,-16900,254,231,-8,567491851
-548,96,-16840,236,212,11,567691144
-516,116,-16816,487,220,14,567889492
-568,188,-16800,207,243,35,568087837
-520,64,-16928,219,244,23,568286293
-460,148,-16676,216,235,11,568484401
-524,24,-16732,220,235,25,568683684
-604,144,-16672,220,284,-3,568881922
-516,84,-16736,201,217,36,569080124
-472,88,-16828,220,225,274,4001360384
-512,168,-16788,236,224,2,569476787
-560,152,-16888,265,214,46,4103144210
-508,172,-16856,217,209,-22,569874392
-508,84,-16888,183,196,20,570072636
-464,72,-16776,203,223,40,570270986
-500,88,-16796,208,265,5,570469103
-448,164,-16676,233,263,52,570668382
-484,216,-16776,225,251,0,570866633
-556,120,-16756,256,199,4,571064970
-532,104,-16864,232,196,236,571263326
-512,16,-16760,221,211,52,571461654
-520,32,-16936,203,236,530,316312320
-488,108,-16808,241,260,12,571859287
-528,116,-16728,222,272,20,572057623
-548,100,-16844,238,231,16,572255972
-528,72,-16724,201,237,26,572454309
-560,84,-16796,206,255,16,572653606
-508,36,-16708,469,243,34,572851840
-520,96,-16856,213,224,15,573050197
-536,52,-16728,230,217,11,721621758
-728,132,-16844,228,182,9,573446872
-560,116,-16956,220,235,-23,573646150
-612,144,-16780,254,263,-4,573844493
-516,204,-16900,193,216,35,574042823
-596,116,-16820,248,210,20,574241161
-408,120,-16784,189,216,-5,574439504
-436,44,-16744,181,246,8,574638769
-472,128,-16708,227,242,54,574837112
-428,124,-16624,239,214,61,575035419
-508,68,-16832,272,215,42,575233775
-552,28,-16736,270,499,58,575432108
-472,136,-16744,276,197,24,575630453
-516,104,-16912,243,171,0,575829728
-544,52,-16720,242,176,33,576028064
-580,156,-16392,267,113,47,576226393
-632,140,-17008,255,153,530,1535803904
-480,32,-16816,246,485,530,1586578944
-584,140,-16688,288,210,23,576822197
-632,100,-16780,236,195,16,577020553
-536,120,-16808,264,209,786,1739110144
-496,28,-16736,265,184,52,577417101
-512,112,-16724,240,169,-3,577615420
-508,96,-16908,278,233,9,577814568
-632,80,-16952,238,187,29,578012891
-560,56,-16848,230,222,20,578211233
-560,108,-16776,219,238,23,578409578
-568,108,-16788,195,177,42,578607914
-616,48,-16776,231,229,14,578807191
-568,132,-16748,223,217,-3,579005423
-572,148,-16784,202,231,-3,579203771
-492,48,-16740,161,197,32,579402108
-540,52,-16704,210,222,27,579600472
-568,136,-16800,227,206,7,579799649
-432,36,-16832,179,155,20,2449543723
-752,116,-16724,181,209,31,580196330
-568,80,-16880,186,163,35,580394660
-536,28,-16868,194,225,10,580593008
-616,28,-16648,208,267,39,580792188
-504,104,-16756,208,187,45,580990539
-616,148,-16800,165,213,40,581188858
-504,120,-16652,255,257,15,581387212
-544,128,-16804,201,236,24,581585545
-588,64,-16724,238,240,250,581784832
-544,96,-16928,262,222,1,581983178
-596,120,-16852,212,242,-5,582181512
-640,128,-16792,225,260,-24,582379958
-572,184,-16692,245,268,-5,582578067
-516,56,-16808,236,248,9,582777357
-548,64,-16740,253,250,28,582975684
-480,16,-16824,223,251,12,583174045
-648,144,-16836,250,232,2,583372364
-508,124,-16864,254,209,16,583570718
-516,84,-16856,244,226,32,583769976
-756,64,-16892,241,225,-5,583968311
-488,160,-16928,204,201,253,584166641
-564,48,-16836,182,205,66,584364898
-600,204,-16816,194,232,13,584563233
-560,-4,-16832,200,197,530,3670314752
-580,72,-16696,208,250,23,584960853
-628,68,-16732,176,241,-17,585159180
-540,104,-16768,192,225,35,585357542
-608,68,-16764,241,246,25,585555865
-592,124,-16860,194,231,-34,585755161
-524,88,-16772,220,254,30,585953492
-516,80,-16848,289,208,13,586151835
-504,56,-16864,249,214,39,586350163
-572,148,-16792,243,228,20,586548510
-584,184,-16776,202,247,35,586747813
-620,24,-16700,202,246,-51,586946131
-536,144,-16800,239,479,32,587144478
-496,84,-16768,220,530,4609,595001347
-632,60,-16724,262,236,22,587541053
-576,28,-16896,243,168,37,587740317
-576,120,-16728,263,181,-15,587938650
-592,100,-16912,232,220,32,588136983
-508,120,-16888,194,210,-17,17975508
-548,84,-16996,227,210,24,588533648
-540,76,-16720,229,208,10,588732912
-516,72,-16560,205,236,28,588931260
-516,32,-16764,228,265,58,589129586
-560,124,-16748,236,243,7,589327952
-528,48,-16736,232,227,21,589526181
-576,128,-16764,262,262,9,645858066
-508,76,-16864,258,215,45,589923795
-576,56,-16828,279,260,-3,590122143
-584,120,-16856,530,-6655,11520,798162176
-524,24,-16848,245,236,14,590518846
-560,40,-16868,239,267,42,590717931
-580,36,-16808,241,230,59,590916246
-664,96,-16816,231,239,82,591114607
-284,112,-16760,192,231,9,591312935
-500,120,-16840,202,206,0,591511285
-592,48,-16936,231,237,12,591709851
-600,76,-16888,226,194,-25,591908905
-544,108,-16864,253,244,14,592108092
-560,44,-16836,208,238,52,1306525970
-472,52,-16704,208,227,33,592504434
-588,176,-16716,198,253,59,1408041234
-544,124,-16676,234,530,-3327,1458973951
-588,56,-16780,243,262,6,593099905
-556,124,-16752,236,211,-2,593298249
-564,56,-16720,267,255,23,593496565
-588,112,-16772,264,234,2,593694914
-632,116,-16888,264,215,-43,593894185
-604,-64,-16840,293,233,3,594093462
-520,60,-16812,270,220,54,594291795
-260,-60,-16860,217,262,64,1865613842
-528,-8,-16752,226,246,6,594688469
-652,104,-16820,207,222,37,594887730
-584,132,-16812,202,214,24,595086078
-556,128,-16804,242,245,16,595284394
-528,112,-16796,187,211,-24,595482754
-632,156,-16836,196,251,28,595681073
-600,16,-16768,234,192,51,595880356
-588,172,-16772,235,187,28,596078698
-652,176,-16848,198,223,-15,596277038
-540,96,-16868,214,225,62,596475370
-572,84,-16756,191,242,33,596673713
-524,104,-16704,243,266,45,596873003
-564,52,-16788,210,264,-3,597071323
-548,108,-16800,31,99,-222,597269686
-560,64,-16716,178,222,43,597468018
-544,96,-16728,317,367,16,597666365
-564,132,-16864,258,233,-248,597865545
-604,176,-16812,270,246,34,598063879
-556,140,-16944,243,217,-6,598262216
-544,64,-16760,208,232,25,598460672
-500,60,-16872,214,267,35,598658794
-556,0,-16704,215,252,-5,598858070
-448,136,-16748,251,262,55,599056419
-572,96,-16680,203,199,40,599254649
-568,92,-16716,222,257,23,599452996
-560,144,-16828,209,248,-253,599651312
-540,72,-16852,180,240,1,599850607
-548,140,-16780,14,235,-4,600048852
-608,96,-16828,194,225,43,600247201
-612,28,-16820,182,180,36,3389133420
-532,132,-16772,263,259,35,600644002
-540,180,-16772,232,221,6,600843072
-620,100,-16652,161,212,57,601041306
-572,100,-16732,293,282,9,601239658
-576,80,-16860,324,243,2,601437979
-612,32,-16736,201,241,-7,601636332
-544,76,-16820,236,238,530,3746032896
-568,108,-16856,248,215,-13,602033844
-556,140,-16844,243,215,47,602232182
-620,116,-16852,189,234,27,602430524
-532,80,-16768,215,229,-6,602628862
-632,140,-16788,224,238,-5,602828135
-552,92,-16632,205,255,47,603026494
-568,132,-16720,245,251,-7,603224818
-552,132,-16828,200,182,56,603423180
-532,32,-16812,239,223,52,603621504
-592,76,-16716,258,221,0,603820798
-592,96,-16856,243,231,530,10073856
-532,92,-16924,221,222,28,604217475
-608,108,-16808,255,229,-11,604415805
-576,60,-16804,201,232,41,604614268
-584,40,-16788,187,268,16,604813353
-568,84,-16704,183,268,44,605011675
-696,712,-16092,1272,1804,1994,34784685
312,92,-17224,1669,1637,2742,605408221
-384,20,-17540,-2120,-2573,30,605606564
-400,-84,-16624,454,35,2,605805839
-320,-76,-16564,1177,1644,-173,606004187
-428,-24,-16696,505,335,-280,606202528
-532,136,-17080,-43,56,-948,606400860
-1196,112,-16796,778,923,-1563,606599199
-560,-216,-16520,72,50,-563,606798474
-408,28,-16844,74,163,-76,606996820
1108,88,-17076,563,691,-928,607195138
1000,800,-17008,305,1213,-1159,607393387
-1852,-744,-16128,556,303,-101,607592598
-1092,-784,-16728,277,615,-80,607791892
-184,-140,-16852,499,592,-438,607990216
-220,-128,-16844,290,614,-709,608188565
-408,-144,-16716,364,563,-931,608386893
484,136,-17000,478,544,-1459,608585225
200,704,-17652,44,572,-638,608784519
0,236,-16196,344,188,217,608982846
-692,-352,-17448,844,684,-211,1331560722
-740,-192,-16396,752,1466,-1476,609379432
364,-1620,-15808,-1124,-87,-153,609577792
836,-160,-17488,-828,-868,-1187,609777061
440,20,-16256,-379,-100,-1804,609975392
-776,712,-16952,-6,274,17666,1585650170
-1992,-2156,-15984,112,530,25600,1636421637
-124,40,-18144,171,412,804,610571102
-408,-528,-16620,-228,59,-139,610772024
-592,-44,-16920,-12,392,-634,610970951
-152,284,-16580,-360,-9,-539,611169172
-212,908,-17064,-378,-487,-105,611368997
-896,232,-16688,-421,-76,248,611567082
-184,-8,-16784,106,149,92,611768421
-44,-128,-16584,-628,-339,-126,611967353
224,116,-17184,-647,-609,-297,612165695
-844,60,-16572,-789,-384,-264,612363692
-1876,468,-16464,-399,-201,746,612561190
-688,20,-16504,567,527,1646,612758362
-3900,632,-17872,840,-210,-763,612954936
-728,344,-17372,334,423,37,613153032
-724,496,-16548,959,-41,-88,613350435
-100,228,-16468,926,693,-177,613547708
1096,332,-17152,658,597,-889,613744879
528,540,-16428,-105,774,-1173,613942286
-368,840,-16996,1021,902,-1336,614139457
-4,152,-16408,1031,1038,-1178,614335916
-92,920,-15888,-572,181,-1440,614532375
-792,184,-16556,52,465,-1047,614728834
-76,612,-16844,-84,677,-1027,614925293
384,684,-16536,-1118,400,-931,615121866
-688,-196,-16208,-1665,85,-934,615319039
-764,124,-16724,-1673,-606,-794,615515498
-208,-80,-17432,-1804,-616,-1351,615711957
-536,-456,-16572,-1950,-336,-2681,615908532
-1112,-40,-16784,-1545,207,-3176,616104991
-268,696,-16980,-24,196,-3506,616301450
120,3012,-17348,675,714,-3091,616497909
-1488,2108,-16088,-724,-865,-1322,616694368
-516,840,-17140,-728,-1003,-437,616890827
476,1848,-17716,-1630,-2224,-2350,617087286
-1268,-256,-11092,4672,-17917,20211,3405816310
-792,2192,-22344,4616,3587,2811,3456109819
-964,-220,-14420,618,692,-672,617676663
-600,192,-17140,2737,-929,-441,617873122
-2184,632,-17140,1455,503,-597,618069581
-1376,1360,-16512,1627,389,284,618266040
-1604,544,-16964,506,-443,805,618462499
-1552,680,-17164,-197,-723,1475,618659715
-2044,1168,-16304,-585,-1214,2130,618856174
-2200,1884,-15552,-1132,-130,2241,619052749
-1816,92,-16108,180,490,481,619249208
-1120,856,-16988,-12934,-13140,142,2063412345
-1308,1052,-19660,-1193,-882,1251,620035043
-1344,160,-16928,1674,-962,1689,620231503
-696,988,-17120,-1236,-1359,1830,620427962
-1860,804,-17132,-3454,-2389,1930,620624421
-1512,-40,-16604,-4210,-2112,2809,620820880
-800,-396,-15444,-486,-2400,1526,621017339
-1204,1644,-17008,1534,-2610,618,621213798
-2116,1452,-17380,-768,-1418,877,621410257
-1864,760,-16764,-1964,-1039,1327,621606716
-1732,-64,-17028,-375,-1787,1375,621803175
-2624,2232,-18948,-1596,-1173,1027,318112274
-3412,48,-16212,-1997,527,786,368409859
-2056,-756,-16308,36,-498,320,622392552
-1816,840,-17032,1465,-2426,120,622589011
-2108,588,-17380,-692,-2274,569,622785470
-1824,-776,-16272,-649,-2340,488,622981929
-2396,120,-17324,-555,-2390,-255,623178388
-1468,1140,-17040,-2917,-1782,-1549,623374847
-1700,1380,-17024,-4962,-1358,-1783,623571306
-2588,2612,-17628,-8379,-812,-1829,623767765
-3092,3844,-17028,-12009,535,-248,623964224
-3512,3780,-17932,-20041,4834,13059,871344903
-1492,-2144,-16616,-20084,3379,3035,624357142
-1412,-160,-18812,-16474,1393,742,624554313
-3684,2200,-17776,-22425,4618,-18173,1022865653
-3072,2564,-7572,-12920,2015,-5498,624951584
-3716,7552,-7892,-827,773,-3769,625149736
2932,3724,-23280,-801,1597,-3569,625348045
-1424,9200,-17188,-765,-540,-5219,1224938029
-2832,6884,-16616,-1087,331,-2640,625744295
-2096,5224,-17052,-2900,2208,-3008,625944181
-7680,12020,-9972,-781,4732,3843,1378829046
-960,2008,-19248,-14802,5462,-1887,626340330
-1712,11724,-15720,-8354,6904,-1173,626540344
-4036,10268,-16492,-12472,7384,3050,626737742
-2796,14204,-17560,530,7881,13850,1581601552
-1136,11744,-16328,-19969,5362,6907,627132525
-1040,8152,-13428,-17714,530,-28147,1683087643
-1352,10312,-12960,-12963,811,7657,627530476
-568,10588,-14156,-8805,-145,8168,627728814
-612,12048,-14936,-6616,-289,8593,627927381
-308,13272,-16772,-10030,1615,9812,628126327
400,8528,-15260,-4758,3105,10144,628324688
304,5512,-16752,6411,4794,22786,1988077338
-124,7368,-18816,11934,9223,1988,628721268
1576,10328,-17260,7965,13929,48,628919502
1076,13652,-15052,3197,15324,459,629120423
668,13192,-12484,3778,15124,4812,2192483330
2268,9832,-11900,8219,13221,7758,629521595
3020,10756,-15364,6228,13016,7990,629721803
3636,8540,-17664,-1038,15478,8011,629923881
3856,7420,-18722,1225,19295,5158,630124092
4264,8588,-18336,7862,24112,3384,630334192
4680,-16382,-10207,-15427,-16579,-12688,2503240201
4660,-21503,-988,-32562,-29877,-14724,2554950660
8348,15772,-6792,10386,31237,4254,630946667
7480,8812,-5848,-17051,25820,12542,631155993
7680,1808,-3180,-32768,17720,12971,631376477
10356,3032,-96,-32768,-3387,-1272,631796949
10472,10220,-6028,-25655,-8039,-4245,632009259
10368,14336,-8372,-29104,-6039,-1450,632227873
10604,13256,-6692,-31302,-3920,2266,632448329
9224,12684,-5372,-22837,-5176,4681,3044664323
11284,14376,-8080,-14620,-3657,7100,632869724
11308,13512,-8796,-6803,-319,9952,633081805
11904,13724,-7640,2386,4719,24577,3209158194
12644,11620,-3892,27791,7673,18992,633704871
12108,8348,-4640,29434,9860,19422,633905923
12708,5148,-3412,26780,9757,17097,634133822
13132,4816,-11263,14836,30522,2339,3480911415
14368,372,992,-10193,2022,5250,634802712
14904,1000,-4268,-23591,-1161,-161,635022239
14352,6600,-5184,-32768,440,-3727,635222231
15584,11980,-4300,-32768,1951,-686,635434154
13988,9412,-2328,-16156,1447,4664,3811221250
14316,7888,-5588,-422,1742,7068,635855554
13868,6780,-2356,8415,3797,9283,636066732
14284,5268,-904,21750,2138,10309,636266702
13812,2768,-1092,32281,343,9568,636486068
14092,2640,-1724,32767,43,8355,636706597
13636,6320,-3248,17857,530,24837,4141423905
15044,2820,-672,-4239,1398,10049,637155011
15216,-3704,-1200,-7232,-2180,6133,637382857
15520,-1296,-6368,-10587,-1412,-810,17695506
15688,4216,-2184,-8394,2815,-2081,638051672
14772,3940,-2604,-1867,1293,-537,638270312
15544,3440,-2988,-3979,1731,-65,638500073
15508,528,-1244,-4707,62,338,638938128
14544,1112,-3056,-1324,-1367,-2794,639150039
15724,4268,-3176,-4242,-664,-3901,639369399
14052,4724,-25598,4088,-22801,-24836,526258425
15288,2360,-3812,-959,-1179,-2272,639800793
15416,8024,-3504,-3992,1430,-1507,640019593
16012,8244,-788,-6271,637,4069,640223070
15668,5164,-1944,-8016,48,7356,640442535
15464,3772,-1528,-9973,120,7020,640651823
15348,4764,28674,-12031,-13352,23543,850369819
15288,3952,-556,-7692,-5569,7354,641056920
14960,2896,-3532,-8537,-5837,7174,641258609
15536,1500,-4788,-9502,-3980,5491,641468020
14924,-2012,-3372,-5242,-3238,2186,641679200
-3768,4772,-31742,7651,6910,-1287,1174333334
23500,3456,-3788,909,2929,-421,4139738955
-29568,2968,9962,-982,2775,1322,643157651
15808,3080,-1472,1008,2382,2410,643378054
15844,4672,23555,-1032,3592,25606,1547273488
15804,4852,11265,-28167,-30192,-30461,1603425559
14468,3456,-2592,2683,105,274,1657460767
15172,1504,-2076,-1010,280,7562,644217979
15144,508,-1756,-7196,-718,2541,644647703
15904,1020,-2616,-3099,-2510,468,644850424
15236,2748,-4156,-149,-1926,653,645052452
15240,3040,-4336,-1078,-153,1501,645261708
15452,2076,-3708,-1699,931,1802,645473594
14904,2448,-3924,-2939,2017,1911,645675182
15484,1652,-3284,-5723,3154,2280,645893786
15504,552,-2580,-5083,3056,995,646095878
16036,1824,-2980,-3463,3055,-60,646314494
16292,1844,-1904,-2013,3559,686,646523927
16252,1756,-1372,-826,2785,1625,646735204
16220,828,-2120,800,1212,1972,647174395
16112,296,-2124,-628,1705,1431,647393009
16292,772,-1800,-1072,1856,611,647611695
16524,1280,-1968,-1265,2036,509,647822995
17228,620,-1024,-4517,1534,2408,648262227
17156,-368,-624,-4743,547,1609,648481729
16936,-200,-1456,-4572,-333,234,648702269
16392,412,-1640,-3797,-50,-464,648920894
16856,2612,-1208,-2412,164,310,649350899
16240,3052,-1284,-603,-126,1792,649578742
16532,1952,-1436,-344,94,3427,649790043
16200,960,-1424,272,245,3581,650008689
16004,628,-1364,354,665,3265,650227308
15844,804,-1092,435,889,2929,650438620
16092,512,-836,227,923,3054,650666431
16092,592,-840,369,689,2948,650877712
16060,660,-816,205,698,3168,651096324
16224,-48,-920,-1571,451,3727,651314949
16060,-1104,-736,-1713,-56,3734,651526242
16032,-1824,-1580,-863,-344,2640,651754044
16080,-1052,-2284,-402,156,1949,651965323
16124,-944,-1908,41,957,1927,652183936
16416,-2112,-1248,843,896,1572,652403496
16368,-1996,-1132,1241,310,1226,652613846
16164,-1740,-1588,804,165,552,652841658
15964,-1268,-1644,738,150,123,653052948
16148,-820,-1604,1076,682,365,653271545
15960,-1392,-1040,674,1017,745,653492028
16136,-1692,-528,-164,1017,92,653701444
16268,-1304,-520,-563,397,-275,653929291
16296,-448,-856,286,187,82,654140580
16104,-492,-924,157,146,808,654359185
16140,-1208,-784,540,-34,848,654579674
16136,-1312,-1204,786,-27389,-257,122282241
16324,-1092,-968,618,224,744,655007688
16436,-1412,-984,757,4,987,655218981
16276,-1940,-936,599,-62,720,17959728
16056,-1592,-1056,423,-234,-112,655647025
16196,-924,-1084,278,-114,786,393648383
16012,-660,-988,310,-5,-65,656067721
16376,-504,-1044,68,-8,138,656277141
16228,-960,-860,16,-200,117,656488429
16268,-364,-1100,-896,-434,-280,656697831
16492,-356,-980,-575,-586,68,656907238
16120,-108,-1472,-511,-645,-72,657127717
16276,-456,-1392,-889,-423,-570,657327922
16280,712,-1488,-29,-626,-515,657546630
16456,1312,-1696,755,-526,850,657757660
16344,808,-1448,826,-775,2972,657967060
16220,-900,-1484,1195,-1241,3824,658187525
16440,-1832,-2300,1236,-1634,3446,658387381
16408,-1972,-2860,1725,-1618,2801,658589100
17012,-3016,-3376,1524,-1303,2765,659009815
17616,-4512,-3372,1592,-1163,3192,659219247
17664,-6412,-2960,1014,-1246,3386,659428649
17256,-7932,-3364,1489,-1734,2359,659633799
17292,-8912,-4144,3168,-1665,596,659833530
17392,-8904,-4408,6952,-680,-280,660036343
16852,-8192,-4144,10586,287,-7,660246651
15556,-8040,-3088,10606,1506,241,660467119
15432,-9248,-560,3161,1352,-5529,660897052
15728,-6416,-632,2150,300,-8614,661124941
15824,-2040,-816,120,-159,-9271,661334353
15480,-524,-1628,-339,-1625,-7267,661554911
15292,-2720,-4244,-216,-1659,-4186,661984815
15868,-4316,-3484,2251,1134,-6667,662203425
13292,-1552,-1420,-1405,1537,-11608,662624107
13944,96,-1192,-4066,986,-12650,662833510
13716,-672,-976,-2246,263,-11967,663042917
11724,-3820,-1216,-132,-635,-13511,663263394
11404,-1776,-1984,-2097,-433,-19083,663472882
11404,2548,-2448,-2390,468,-22380,663693381
11652,5728,-824,-2424,3010,-21555,663913008
10560,9164,320,-3550,2373,-19303,664140981
11228,9048,208,-5863,718,-10197,664809996
11164,6240,-544,-3440,1002,-10430,665010970
11104,7488,-244,-4713,3174,-13670,665231598
11556,12364,1976,-7424,4725,22785,2847007685
11924,15060,3304,-7801,2675,-10753,665651424
11524,12816,2588,-4969,-734,-7339,665852268
11172,11288,-828,-3041,-2223,-6657,666063630
12168,14956,-12,-3253,3232,-6535,666474908
12428,15420,844,-3050,2432,-3413,666695545
13060,12448,-888,-2655,1511,-3624,667134812
13528,13624,956,25,2792,-2370,667572190
13700,13552,1576,-809,2435,-2056,667792837
13328,14120,2292,-695,1608,-1848,668011549
12876,14412,1888,-807,769,-258,668222818
13476,11588,344,416,-51,974,668643409
13676,10188,680,714,746,614,668864060
13204,10692,1424,676,409,-274,669065001
13168,11824,920,500,-211,-129,669274620
12800,11456,548,532,-301,647,669486629
12776,11160,-68,1530,-22,579,669696130
12724,11180,-16,1350,743,951,669925045
13588,11388,480,3264,263,1191,670363355
13956,13940,-1172,4139,-1138,1635,670583928
15576,14644,-2304,10885,258,5336,670794177
15148,12636,396,12871,2668,274,4276068133
14872,9368,3084,11104,994,10511,671215772
14240,7224,2440,11501,-2927,10868,671434549
14532,3828,460,11024,-3893,10232,671655103
13740,3112,-1592,5148,-3472,6643,671864481
13080,5532,-1924,2777,-3568,3754,672084100
13108,6200,-1564,6629,-3245,2918,34752713
12784,8596,-2744,12366,-3609,2091,672505692
13076,8148,-2584,13805,-2447,1875,672735452
12868,9716,-2076,10199,-1008,2927,672944870
12996,10108,-1120,4651,30721,28415,533553167
12440,10044,-1796,2995,-2133,4230,673393328
13172,10084,-3408,3142,-350,5439,673841858
12964,7640,-2964,1649,-336,5767,674069763
13024,6276,-3708,1020,-513,3836,674290412
13068,6572,-4236,-1324,418,929,674518308
13216,7772,-3604,-4207,1529,-588,674738866
12852,8628,-3192,-4982,1482,-276,674966837
12852,8220,-2700,-4493,1027,806,675187312
13140,8368,-3276,-4737,1001,1760,675406205
13164,8228,-3040,530,21739,14597,1159385607
13768,8080,-2576,-4093,1650,2032,675827574
13896,8600,-1876,530,23804,20741,1269387270
14112,9744,-1552,-2468,1617,293,676267672
14972,11096,-1056,-2141,363,-1080,676486436
15316,12660,-2016,-676,530,-14848,1440655876
14996,11148,-1744,304,165,4760,1494263554
14212,8256,-1316,590,-394,5525,677145221
14244,6320,-2184,248,-1143,3997,677348032
14464,6680,-3292,-1114,-993,3021,677566809
14516,6652,-3404,32,-145,3375,677796566
14628,5544,-3552,457,708,2606,678015273
15068,6012,-2388,-98,1511,2111,678245104
15380,6864,-1964,-47,826,4635,1946865665
15336,5212,-2404,-1064,-61,6132,679142039
15412,4632,30721,-6412,-6660,4863,436408835
15212,5824,-3092,-2184,1333,4049,679589620
15752,5852,-2720,-3251,1701,4689,2232477442
16360,4776,2049,13561,-31486,-21500,2290837016
15764,2740,-1780,1151,-1052,6311,680485600
16324,3632,-3516,-282,-1227,4834,2462082305
16776,3196,-2568,-2213,337,6143,681154659
16344,1888,-1740,-2772,-798,5931,2634158758
15720,1908,-3280,-3391,-2596,4784,2691715075
15592,2600,-5420,-3777,-2024,4742,2750078978
16248,2468,-5024,-4037,520,5338,682051624
16832,1096,-2380,-2755,13,4743,2921324035
15724,2976,-5352,119,-1760,7605,682939266
15752,1408,-4524,682,182,9461,683167165
15052,-840,-2784,966,302,9210,683387653
14684,120,-3112,-2516,-274,8101,683606354
14756,1204,-3436,-1772,-564,8182,683835106
14536,512,-4028,838,73,8954,684054723
14428,-116,-3864,560,1240,8839,684282537
14428,-256,-2736,996,1740,8185,684503019
14352,480,-2904,1517,1631,8923,684730858
13988,-2688,-1924,1217,1872,10409,685179150
13472,-2968,-2000,784,1816,9182,685390348
13356,-2048,-1528,354,2444,8923,685599742
12336,-2356,-984,-364,2257,9341,685809160
11780,-2456,-1024,68,1831,9838,686021080
11516,-4380,-1396,447,1790,11009,686221128
11536,-6908,-1232,-718,274,-20728,3925735209
11896,-7004,-1520,197,2006,8426,686623277
12032,-6308,-1440,703,2946,7860,686823262
12900,-7640,92,2647,3327,8412,687022306
13108,-9412,512,3440,3013,7991,687221358
13460,-10288,1092,3139,2721,6269,687421381
13768,-10112,1200,3555,2051,4772,4231960065
13904,-9276,728,4000,1764,3590,687820547
14304,-8708,848,2593,2006,4203,688018882
14412,-11096,824,1426,844,5363,688218918
14344,-14316,224,589,327,4642,141377026
14240,-14812,-472,-222,618,1314,688617292
13936,-12324,-100,-822,1733,-1822,688817280
13308,-9264,720,-903,2218,-3428,17993370
13200,-4764,1640,-1748,2193,-4302,689215514
12704,-1904,2396,-2520,530,11011,396743930
11760,-3704,1076,-1388,-1133,1421,689615517
11684,-5660,-1540,-1895,-1237,1998,689815567
12344,-5408,-3264,-3639,1569,845,690018035
12548,-5188,-2096,-2766,3415,966,690219734
12712,-5088,-1080,-1687,3974,2666,690420821
13276,-6644,-924,-2136,2765,3545,708379154
14580,-8188,-1620,786,-26120,10247,820814348
15168,-9036,-1748,-1495,1897,4211,691281656
14904,-9352,-1840,-1886,1903,4262,691501259
15828,-9028,-724,-1831,2142,4026,691721826
15440,-9120,-280,-791,1004,4619,1045476354
16668,-11228,-1872,-1962,1345,5725,692398151
17012,-13544,-1752,2254,1961,4291,692618669
17344,-12212,912,2617,2716,600,693067154
16720,-10584,900,1182,771,1036,693295031
16508,-12072,432,-88,-336,1598,693515587
16052,-12796,-612,347,-616,33,693743514
15216,-11120,-672,-235,164,-1353,693964009
13972,-9464,-628,-552,-602,-921,694412519
14020,-8916,-724,-1185,-50,-1175,694631197
13740,-8632,-156,-389,-27,-1019,694861054
13616,-8192,-272,-409,-382,-866,695088971
13264,-8592,-488,-97,-548,-571,695309525
13652,-7940,-660,627,262,-465,695756986
14044,-8748,-164,1201,553,-101,695976708
14164,-8068,520,741,-94,-107,696204617
14448,-8304,60,639,-1359,937,696425183
14784,-11664,-1732,703,-2250,2336,696653094
14968,-16400,-2384,949,-323,-1166,697101572
14888,-15020,-1796,2062,312,-3221,697322161
14168,-13784,-208,-85,-129,-4281,697770635
13000,-14060,-352,-873,-1034,-5375,697989250
13480,-13160,-2032,-1315,-406,-6618,698209831
12620,-12488,-1032,2276,2806,-9095,698638667
12232,-10208,308,5625,2707,-10305,698841599
12176,-8644,808,2019,2086,-10796,699043198
11880,-7632,632,-625,1489,-10468,699245636
12052,-8740,68,713,251,-10665,699447218
11884,-8136,-1968,4189,-142,-11193,699652583
12564,-5232,-1964,1622,2709,-11035,699853620
12300,-5080,636,-725,3199,-9950,700054733
12580,-5804,328,498,618,-10258,700264149
12984,-7028,-1732,4214,-1270,-12087,700485566
14824,-800,-2796,9956,4763,26882,3343095771
10828,-4732,-160,8253,530,17158,3457912288
13500,-6656,2372,148,1724,-12521,701601242
13640,-1284,2932,-1507,747,-16808,701821830
13296,1468,2304,-2692,-2288,-14040,702270304
13824,5704,-492,-5760,-86,-12693,702489087
14748,5584,1708,-6368,1464,-9414,702718850
14408,3708,3360,-2130,822,-9401,702928248
14244,5936,2444,-2897,-129,-11594,703138590
15256,8876,2412,-5775,588,-11500,703338906
15720,10472,2812,-3784,712,-8693,703550986
15552,10104,2380,-1772,-79,-5502,703752055
16556,6048,2268,-17,-62,-3879,704191274
15980,7780,1616,145,-64,-5523,704401505
16200,10152,1048,-3579,901,-4091,704622141
16288,8520,2200,-967,517,-1049,704823096
15852,5812,1020,-1656,-26,-744,705253982
15744,5972,1020,-1549,187,-1214,705463464
15624,6768,416,-563,445,-393,705692387
15508,5756,1252,-451,800,341,51517306
15504,5264,1312,-486,544,247,706113027
15668,5356,1176,-720,420,-17,706314072
15864,5372,1420,-799,753,786,481888767
15632,5884,1264,-287,293,-245,706726489
16172,5864,992,173,432,324,706936090
16072,4676,-18429,-7163,13826,28419,641302532
15756,3928,1724,-80,-362,170,707576333
15960,4728,-7167,27395,-26370,-25602,807384063
15556,4684,19457,-28156,2560,-20222,919847425
15416,4216,1380,-458,243,459,708436363
15388,4636,22531,-13564,26876,3072,1024943361
15488,4656,18435,-5629,13822,-16639,1076412673
15260,5632,1116,-160,1004,343,709059076
15340,6736,2880,-829,1395,347,709469720
15360,6400,3104,-1207,608,771,709681785
14800,6132,1724,577,407,459,1399521810
14824,7212,1812,1023,1508,575,710330546
15108,7916,1852,142,1248,2465,710540774
15264,5772,3116,918,1200,4082,710761431
15384,4776,-21501,12810,15113,31488,1826161170
15520,4044,2324,1643,-477,4766,1673784065
15596,4328,1688,2980,-737,3966,711383065
15836,4624,-23551,5123,9229,-7425,234951184
15820,2924,2388,4313,71,3691,712013234
15360,3688,1672,3607,-736,2505,712233860
15900,4220,1112,3651,-390,2492,712452552
15692,3876,1076,4630,26627,21761,2053318411
15396,3196,2400,4792,16129,-30461,2106926860
14784,3404,2216,5288,-1020,2246,713091865
14640,5152,-52,5129,-1556,1203,713303203
14792,5404,-476,5132,26,3420,713521801
15624,2672,1212,5976,1151,5606,713742387
14828,1104,1844,6135,-301,4683,2383038723
15408,1404,-580,4310,-810,4055,719625666
15872,-5004,1424,2766,-2070,1778,715279582
17056,-2424,-1104,1954,-1367,440,715498292
17224,-2912,240,2460,307,1873,715727983
17108,-3216,656,2133,630,2950,715937405
17260,-3796,772,668,195,3112,716156090
17772,-3940,76,-462,1082,1229,716815743
16752,-3952,516,1239,786,-31229,3169815041
17052,-3264,284,320,1083,-446,717243789
16700,-936,2408,973,2278,446,717903516
16580,-776,2484,-270,1117,513,718112939
16628,-772,2020,-856,22,-74,718331611
15760,-708,1220,298,558,0,718991297
16160,-740,1644,-596,372,-652,719200712
16080,-200,1424,-845,-140,-1350,719430485
16020,240,872,-169,-292,-1412,719658373
16064,572,432,180,-59,-1051,719878935
16444,-40,1776,433,99,-708,720326465
16200,20,1080,-261,-874,-960,720546173
16436,80,456,-158,-995,-1141,720774059
16364,724,52,382,-386,-1179,720994642
15996,896,408,220,159,-846,721222611
15956,1544,-92,-465,-68,-763,721891538
16172,1232,712,471,483,-268,722339978
15752,1296,536,460,158,-401,17990261
16020,1144,232,298,242,-202,722788344
15984,1144,172,667,447,146,723016228
16016,772,500,620,748,489,723236698
16216,384,896,285,710,615,723685091
16412,-288,1356,602,506,300,724133624
16488,-268,1312,163,271,-360,724361451
16384,440,1100,98,124,-617,724581993
16236,352,1392,414,140,124,725030449
16064,296,1144,-157,-5,65,725249211
16056,108,908,-338,-334,-220,725478920
16116,128,480,-2,-85,-275,725697622
16128,84,820,-25,117,-597,725926542
16560,980,916,-127,187,-449,726586075
16400,1140,888,-359,-218,-104,727034599
16444,1108,712,-402,-315,125,727262491
16288,856,264,26,-183,404,727483032
16140,504,564,28,234,-1,727931460
16388,700,660,-185,26,203,728379826
16292,132,784,303,61,-79,728828205
16232,448,852,161,66,-361,729056022
16220,480,804,130,35,-174,729276589
16232,188,868,34,42,-304,729724997
16036,448,564,-153,-118,-408,729943701
16148,576,524,-182,28,-409,730172468
16068,664,508,36,255,-420,730392035
16436,680,736,143,525,-380,730620017
15984,1280,648,-278,-50,-628,731068333
16032,1308,428,144,-10,-178,731288889
16380,1504,244,-17,311,350,731516801
16036,928,336,234,206,383,731737372
16112,696,236,124,360,528,731965197
15948,352,116,296,427,497,732185763
16420,328,204,511,982,194,732413683
16584,580,1136,312,1132,-138,732634181
16436,548,1028,-90,-156,85,733082666
16472,680,536,61,569,-458,733531157
16352,1116,1076,327,399,-398,733758991
16320,1060,1100,217,-15,-78,733979519
16144,768,284,28,-144,-178,734427940
16320,984,316,142,369,-15,734646659
16192,1096,752,244,298,340,734876422
15980,676,916,241,120,354,735095053
15984,452,740,-69,-17,127,735324902
16188,1176,512,38,305,149,735772369
16100,808,612,137,312,405,735992004
16176,596,428,217,168,199,736219828
16172,484,140,-83,253,54,736440446
16388,836,72,47,729,-53,736668334
16732,768,640,372,1090,33,736888904
16652,940,1136,-38,937,-138,737116876
17056,1376,1324,279,272,67,737785821
16380,664,1032,270,-821,857,738234185
16208,196,460,30,-718,663,738462069
16216,244,184,504,-190,489,124191506
15600,-60,608,265,-51,210,739130966
15688,-124,124,36,161,-31,739579433
15952,612,980,-4,895,-652,740027903
16088,1036,1324,-97,562,-531,740255795
16300,1164,1056,37,67,-84,740476351
16200,540,448,78,84,-68,740924801
15984,744,152,115,84,-295,741143566
16288,676,404,234,617,-220,741372390
15876,968,584,262,547,-415,741592035
16188,1056,532,-5,290,-510,741819941
16168,1132,200,485,684,175,742268391
16172,788,488,345,804,-34,742488947
16496,1020,600,328,766,-529,742716787
16516,1528,684,590,792,-657,742937412
16680,1540,1044,612,828,-33,743165313
16572,1052,1476,904,420,262,743385887
16512,724,1176,577,-5,412,743613803
16408,316,896,546,-16,409,743834282
16452,-52,756,573,615,261,744282688
16660,328,1044,269,437,-246,744731142
16800,516,1216,421,432,-262,744958991
16616,1116,1240,407,424,-81,745179488
16380,940,1452,75,-289,333,745627904
16032,860,1068,137,-701,291,745846608
16064,764,428,116,-489,243,746076378
16072,836,616,522,-29,143,746295083
15900,580,728,528,2,133,746524927
15788,944,468,365,-254,294,746972482
15796,416,280,556,54,689,747192104
15768,-160,468,411,205,492,747420013
15832,-268,532,-1,300,-102,747640528
16256,232,520,-12,454,-629,747868430
16472,924,608,194,648,-662,748088994
16664,920,1076,153,624,-353,748316973
16628,824,592,-252,-206,-1,748985828
16384,1140,680,210,-153,-173,749434380
16416,1388,720,52,-100,35,749662268
16280,1568,680,345,-133,34,749882767
16356,2820,1052,532,-176,154,750331149
16692,2948,560,1630,-538,2328,750779599
17032,1284,532,2216,-522,3505,750998232
17600,-636,604,1996,-628,3870,751228057
17468,-2216,428,1595,-1064,3156,751455878
17944,-2748,104,1274,-767,1904,751676439
18784,-3060,1404,778,-581,4618,3565210881
17684,-11584,1888,-2618,-3047,1052,752782732
16980,-9452,1764,-5667,-3293,-4059,753001344
16096,-5860,1368,-5730,-4261,-6554,753221828
13876,-3616,-2016,-5475,-5607,-5202,753650841
13428,-4864,-2012,-4425,-4344,-7122,753871400
13168,-3532,-1668,-4887,-2450,-10644,754099366
12880,-388,-260,-5949,-1791,-13302,754319838
12544,3744,-1004,-4772,-3484,-10963,754768342
11816,948,-1928,-2206,-2205,-14007,755216840
10636,1700,-2388,-2100,-1649,-17044,755417780
10476,5168,-3168,-4665,-114,-18244,755627261
10780,9536,-2092,-6912,2375,-17558,755830187
11612,12516,-212,-6717,3129,-13447,756048884
11604,9676,1408,-3501,1496,-9140,51550618
11012,5960,588,-1908,-685,-9498,756461115
11048,6056,-1068,-3543,-479,-12093,756671528
11608,8868,-1176,-4325,1950,-13957,756891099
11184,12356,76,-2725,2837,-13436,757102464
11556,11212,568,-4002,881,-7605,757530633
11916,11816,244,-5791,1015,786,708611046
12104,10292,-584,-3532,763,-5739,758171137
12208,11304,-856,-4471,1366,-6793,758391474
11856,13568,-884,-4027,1994,-6413,758601070
12308,13516,-608,-3726,2448,-4473,758813160
12224,11864,28,-2987,2401,-4724,759014125
12112,13724,156,-3573,2839,-6999,759232825
12672,18304,788,-3036,3499,-6672,759433812
13168,18744,2236,-954,3513,-2910,759645063
13260,15996,3124,116,1807,217,759864666
13188,13656,2372,786,1279,-13568,1303269632
12908,13548,1060,-500,-197,-191,760286235
12804,13508,728,36,701,135,760514115
12432,13188,1380,551,810,745,760725370
11844,11840,1012,601,-401,869,761145197
11660,11912,216,361,210,1057,761357210
11296,12352,1100,184,1198,1861,761796481
11716,11352,1604,750,617,2356,761997524
11880,11492,624,315,590,1771,762207748
12284,12496,944,120,1210,1193,762428381
12764,14948,1400,1072,1595,1480,762637788
13356,17156,3108,1767,997,4216,763086334
13380,14704,2456,4766,-13567,-27144,2189040150
12996,16564,880,4828,-5887,-12806,2333016338
11968,18640,708,5400,-807,5866,763936218
12524,18256,784,6761,-171,9106,764138225
11940,16996,1260,6592,-350,11943,764348332
11600,9680,1188,7407,-2107,14605,764758978
11396,10512,-1372,6638,-2314,12832,764971074
12120,9960,-2340,6126,-491,14428,765172126
11828,6544,-28,8182,1051,15965,765381721
10556,6496,348,6845,394,14916,765585406
10432,5744,272,5505,-723,13824,765804112
10024,3888,-2312,7725,-1300,14357,766033042
10620,-2324,-1084,5724,3412,16611,766480574
11856,-4964,-328,5965,3273,14291,766701160
12784,-7532,-152,6790,3062,10793,766929064
13048,-7356,-824,4855,-13821,-15348,3116782872
14500,-5212,-684,2702,4781,-1791,3170606350
15088,-3152,692,1911,4692,17923,3227069711
15580,-3292,1540,116,3519,5272,767799095
15916,-5656,1748,-590,1657,4655,3334483713
16872,-6020,76,274,-31234,20229,3388572935
17220,-4164,284,-846,2877,-1575,768439238
17460,-52,1720,-1568,3433,-2764,768648649
17360,1824,3032,-1266,2099,-1890,768869191
16912,1548,636,-1651,-694,-226,769299180
16996,880,72,-3094,-433,-743,769527079
16660,2772,-260,-1865,542,-220,769737437
16628,1564,344,-2104,1058,590,769957062
16456,676,840,-1957,202,838,770387036
16628,944,560,-3167,-20,852,770614935
16616,664,276,-1743,-244,648,770835439
16520,-308,720,-744,369,248,771054975
16608,-876,1336,1428,-138,-916,771275476
16044,-1612,1780,11812,-2497,-2355,771484898
15928,1048,-296,20634,-3660,-1657,771712716
15500,992,-732,20549,-1947,35,771933274
14696,444,388,16585,-837,284,772142677
15476,188,164,17317,-1896,-218,772353180
15488,-360,-596,19719,-2447,-140,772564308
16044,-1436,248,22618,-2160,-1119,772783028
15120,-1064,108,24135,-4220,-3452,34797460
15020,-164,-2400,21460,-6724,-6521,773433035
16248,-164,-3356,26043,-6627,-7970,773635902
15964,748,-3212,29709,-5981,-9336,773863733
15148,3476,-4036,24683,-6172,-9437,774084237
16180,4320,-8868,23769,-4067,-8054,711852818
16196,3912,-6084,20058,-489,-6348,774751246
15712,2064,-2980,17123,-778,-5237,774980949
15400,1736,-4832,23123,-4522,-6582,775190349
15720,4108,-8544,21163,-3002,-6630,775390566
15688,4064,-6980,17827,-179,-4922,775590787
15584,4052,-6144,17552,125,-3682,775793448
15080,3788,-6132,19962,-1000,-2743,775992620
14980,1576,-7492,25337,-1540,-1866,776190953
14916,2236,-9628,31291,-401,-1995,776389280
16372,3136,-9732,31168,3760,-2740,776587624
15252,3628,-6176,25709,5246,-1606,776786911
14728,3032,-5248,19341,3145,269,776985239
14992,44,-6592,21200,653,457,777183599
15520,-944,-10720,30597,6015,-1817,1493308034
15184,12,-8428,27383,10066,-3257,777788534
14532,164,-5160,23172,10828,-3312,777986863
14544,-596,-3456,20597,8704,-2825,778185094
14940,-1400,-3220,19153,6757,-2819,778383430
15052,-3616,-2044,23828,3640,-4834,778581489
14056,-2380,-3484,32767,504,-7440,778780628
14628,72,-7088,32618,1170,-6854,778977087
15072,-4080,-3120,24333,2178,-6964,779370005
14388,-4220,-924,32767,-1441,-10644,779566464
14148,-3544,-3320,32767,-6880,-10643,779762923
15648,-1956,-6572,32767,-6707,-9443,779959382
15736,-4352,-5836,32767,-6189,-10895,780155841
15624,-4128,-7920,30614,-5135,-12226,780352300
14920,1296,-10020,23952,786,-1022,2252180938
16032,1492,-5748,18087,4840,-25342,2302713036
16232,1844,-4180,20981,2511,-11948,780943367
15580,624,-4368,21529,689,-9675,781139826
16220,2056,-6356,19435,1211,-8507,781336285
15872,544,-6848,15107,3054,-8542,781532744
14612,1684,-4968,13257,4009,-9173,781729203
15016,3272,-3000,11612,4343,-8511,781925662
15656,3760,-3484,10192,2446,-7293,782122121
15704,3616,-5252,7288,2162,-5889,782318580
16060,3996,-5636,5992,3699,-4081,782515039
15820,5664,-4132,3836,4756,-28670,2805648118
15440,4680,2051,21246,3843,14864,2855941377
15196,2444,-1044,-1077,610,1795,783104416
15424,1316,-3408,-3056,-81,1262,783300875
15972,2088,-4084,-4028,991,859,783497334
15176,984,-2992,-7148,2140,3028,783890252
17308,512,-2464,-9000,2596,2174,784086711
14792,-152,-2516,-8188,390,865,784283170
16116,-488,-4180,-11813,530,-25083,3258289409
17636,2364,-4964,-12518,2390,338,784676088
16276,2772,-3568,-13885,3956,963,784872547
14464,3000,-1612,-16732,3474,2276,785069006
15636,1964,-1124,530,-5452,-21239,3459463434
16104,2644,-1720,-23131,1468,2710,785461924
15628,2412,-740,-25941,1165,2464,785658383
15472,2612,-732,-26359,180,3057,785854842
16136,2440,-1148,-28680,-273,3626,786051301
16440,1208,-1088,-31756,-1386,2647,786248587
15940,1452,-1688,-32768,-2171,1229,786445991
16056,1644,-2412,-32768,-2151,807,3811967506
16408,1464,-2376,-32768,-588,-64,786839620
16280,2280,-1428,-32768,345,-1763,787036927
15816,-184,-1,-32513,-469,-2379,787235258
15408,2052,1440,-32768,-2594,-2757,787433591
15752,2880,-552,-32768,-4559,-2652,787632757
16752,3748,-2172,-29177,-3551,-2186,787830994
16100,4664,-27647,24825,26512,-16134,4167231484
16012,3944,28,-25299,-1285,1056,788229354
15912,2536,-596,-20863,-2823,274,4268994567
16428,2100,-1708,-18769,-2134,1146,788626866
16808,2236,-548,-17233,-450,420,788825196
16708,2956,88,-18510,55,291,789023426
16248,2632,964,-21353,-1109,-249,789221755
16388,2400,660,-24961,-2219,-1279,789420943
16516,2384,964,-26567,-2464,-2331,789620113
16024,2300,1440,-27124,-1912,-2070,51555418
16024,3728,1356,-24880,-3499,-1933,790018307
16688,3928,-312,-24989,-3442,-856,790219362
16036,2320,700,-23848,-2870,-229,790430648
16344,2336,428,-23168,-2774,-1012,790631749
15900,2280,904,-26986,-2136,-2380,790859582
14552,1024,2184,-24026,-3776,-3680,791080077
16484,4708,28673,-3588,-567,24556,711378418
16860,5712,-1604,-10225,-1514,414,791528452
15488,2660,-876,-20932,1513,-552,791976833
15872,2216,4048,-31841,-1327,-3960,792425255
16480,4004,2888,-26674,-2266,-2910,792643971
15432,6108,2140,-21949,786,-16143,1105005820
16008,4280,948,-27223,-2682,2711,793066075
16820,1428,476,-17686,-4656,828,793506033
16344,2100,108,-15238,-2545,999,793724641
15276,2256,232,-17739,-630,1631,793944284
16140,3628,1500,-14618,-861,2908,794102468
15396,-284,1564,-4709,-2227,4194,1063029344
16116,448,148,-2116,-23003,759,2275481350
19296,-4484,1227,18199,673,3399,4141651347
16012,-660,2076,622,582,-269,796139355
16656,1784,1344,439,864,293,796578533
16448,288,2028,1181,748,1265,796788028
15800,56,2016,856,165,284,797016855
16136,1172,1344,68,189,21,797227219
16628,816,1528,1326,961,1948,797666403
16292,-468,1440,1964,933,1326,797875912
16237,456,12353,1122,1632,391,798105676
16952,-608,-780,1972,4109,-385,798315099
16188,224,-2984,4682,-5373,-26594,2563564022
16488,2256,-2364,-745,15003,-1836,798763569
16260,-1752,3576,-2546,18643,-2343,799202869
16400,-1364,3936,6227,18719,-5597,799422308
15128,3608,4192,10837,19781,-7421,799642931
13540,2632,6968,1300,16216,-2350,800292350
14344,4016,11172,1827,18801,381,800731508
12920,-1,-1,-1,-1,-1,4294967295
10880,3256,10852,827,15435,2366,801133850
11644,3340,8472,245,15136,3507,801336560
11828,1688,12260,1325,19393,4023,801539201
8868,-2444,15708,5517,18916,2799,801738411
7800,-760,11140,1454,13497,-428,801938493
8016,3776,6500,-3534,14291,-993,802147046
10144,3280,10852,-444,20105,2036,802358117
7940,-2368,18088,6795,21760,865,3590394481
4672,31747,25603,-8901,-18672,-3774,3645057272
4344,604,8948,-1492,13101,-1720,802967880
7372,2840,8772,-1395,18146,-2871,803170654
5680,3476,23672,3882,24400,-3015,803371834
2952,2044,17852,-4254,5612,1474,803791592
3256,1664,10672,-5472,4028,147,804011218
5468,5528,12636,-2886,12098,831,804211316
2948,3016,21880,2049,12674,2978,804421034
2832,1328,17860,-811,5975,4176,804622899
2544,-2760,15272,-3430,3483,1784,804832390
2852,1760,10556,-1571,4740,20737,4227258620
3896,4008,12204,452,9250,1558,805243938
3552,1676,17448,3536,10356,3373,805453431
2988,-468,17940,3114,7097,2584,805653632
2444,-608,15908,1383,4664,-3582,142508803
2508,1940,11984,382,5596,-166,806065131
2832,3268,17032,1629,10567,332,806266016
1636,3096,19360,3565,7738,1634,18001448
1148,1860,17220,805,4694,1795,347847686
1560,2288,16140,766,4669,-16639,398685441
1252,3236,17952,2870,6505,1349,807062773
556,2316,18088,2879,4167,1912,807261114
608,1992,16320,1429,2995,1736,807459306
184,1656,15004,2446,3525,762,807657647
168,3340,14884,1575,6345,357,807855847
112,2728,18496,663,7603,-69,808055132
-192,2980,18588,729,4729,29442,754427648
-308,2064,17064,399,3119,-143,808451540
-464,2312,15888,254,3259,-717,808649744
-524,2864,15856,68,4040,-842,808847933
-660,2664,17124,188,4079,-871,809047138
-812,3424,16784,384,2973,-822,809245337
-876,3156,16328,497,2690,-505,809443693
-672,2836,17068,1457,2970,-289,809642035
-1224,3380,16828,1927,2161,153,809841295
-1540,1908,15488,1307,1336,-75,810040573
-1356,2848,14520,168,1976,-969,810238889
-1280,4620,-11263,20541,13568,782,1313476605
-1260,4672,16385,-23739,-2557,-1012,1364248065
-1564,2520,17196,961,1798,1370,810833815
-1604,1648,16168,-164,1204,530,1466012161
-1560,2760,16608,-1342,1774,-557,811231202
-1592,3580,16908,-929,1136,-334,811429400
-1720,3296,15860,-560,601,-63,811627500
-1568,3520,15948,-31,1285,230,811826647
-1636,3148,16580,459,1199,766,812026613
-1744,2068,16684,122,724,675,812224937
-1652,2344,16488,-513,605,85,812423115
-1804,2668,16468,-593,540,94,812621966
-1820,2800,16320,-593,422,111,812820297
-1896,2736,16236,-747,325,381,813020238
-1776,2532,15692,-294,420,243,813219339
-1732,2964,16172,-249,1148,194,813418286
-1544,2724,17544,127,740,524,813616708
-1716,2452,18088,-102,-600,675,813814843
-1720,2792,18336,-896,-2803,1031,814016578
-1576,3416,19072,-1954,-5042,2565,814214727
-2096,320,20764,-1448,-9465,2774,814413150
-952,2432,16680,-960,-11343,1326,814611276
-500,2408,15664,-631,-9500,1343,814809476
-428,3436,16584,-285,-9163,2546,815008736
-864,2348,18760,-294,-11356,3325,2533495452
432,3484,19112,-2297,-15478,4641,2585567234
1320,2736,18756,-2540,-17868,5563,815607203
332,-256,17020,-1470,-17799,3502,815809730
1156,-656,14608,-1883,-17246,428,816010536
956,-192,13816,-2281,-15957,-2044,816210745
3784,2308,13780,-2553,-13058,-3714,816410954
5824,3160,20204,-2385,-11807,-3994,816611174
4772,2050,15,-17309,-14089,29367,2945764087
1620,2864,21632,-938,-30538,-325,817013475
-1048,1444,10404,-3789,-32768,407,817214060
4804,27651,-10234,17692,20206,-13682,3099322887
9224,-712,11880,3551,-20738,-594,817612285
10072,2216,17292,8810,-23264,-4546,817812400
8232,2436,15916,2851,-27964,-903,818013150
8108,2096,14484,-896,-32768,-123,818214704
9816,3824,11396,-3056,-32768,2693,818425121
10384,3840,9712,-2000,-32768,5262,818645626
11548,-2508,4820,15875,-22276,-5246,3524904711
14656,3036,504,-9507,-24717,-1933,819523877
11876,3464,-2504,2456,-23724,5366,819962952
14136,-2604,-4720,-607,-19859,4851,3808048130
16336,-3056,-5272,-3856,-14236,-484,820410380
16648,1448,-4036,-3321,-9870,-3534,820629958
14036,3960,-3728,-1442,-9107,85,820848571
16016,1976,-6136,-759,-7229,4118,821059871
17336,-1276,-5064,709,-3780,3827,821269277
17400,-2432,-3620,2208,-2307,2542,821487887
16932,-1112,-3680,1135,-2045,407,821689950
16984,12,-4224,-775,-723,1276,821908568
17444,-636,-4260,1172,546,1882,822117973
18520,-2012,-2704,2536,2293,1496,822329262
17704,-1524,-52,2508,1640,-34,822538674
16568,600,-1176,464,-622,177,822748086
16752,1116,-2888,245,-608,1968,822968685
17840,-796,-1788,2688,1188,2638,823168692
16812,-312,100,2297,567,2174,51561310
16300,548,-300,7,-1369,2940,823582304
15316,240,-1992,-467,-2504,4345,823791745
16012,-204,-3640,-324,-1701,5385,824001849
16140,-1392,-2700,432,61,5231,824202055
15308,-924,-2108,1532,105,5178,824422519
15120,-848,-2620,520,-311,6232,824623447
15244,-1932,-2988,837,-198,6245,824832848
15412,-668,-2940,1748,1089,6415,825044766
14956,-2572,-3144,274,14347,1283,1139868434
14784,-2376,-3256,1709,1634,4795,863565827
15148,-3112,-2944,4706,-28927,-4090,917632784
15504,-3924,-3060,5294,2273,2597,825878348
15084,-1736,-3120,3546,3429,1033,826088569
15176,-260,-2876,971,4075,1527,826299852
15044,-152,-2200,345,4005,3806,826510082
15556,-3456,-2016,2813,3311,2917,826728882
15504,-3280,-2660,2527,3833,240,826940786
18036,-3268,-592,4321,5238,1478,827371654
18992,-5288,928,2602,4858,32001,1407358730
19492,-7496,1876,992,3098,2221,827791408
20064,-7860,1368,827,1490,623,828011894
19656,-6700,760,116,1128,113,828221399
19756,-7384,1164,1212,668,729,828450245
19996,-8132,1784,2252,79,330,828660610
18720,-8264,2488,1531,-1362,-330,828879244
17216,-8584,2088,203,-3096,-1291,829099733
16296,-5620,-1544,-410,-2277,-1954,829548143
15756,-5860,988,430,-1226,-169,829766842
15020,-7908,1672,2875,-3258,-330,829986479
12856,-9476,1588,2221,-4931,-2745,830206033
12012,-6356,-1824,-1237,-5382,-3920,2131034642
13536,-4196,-2444,-2196,-3801,-3251,830609378
16332,-4688,-632,1541,-2047,-2383,830813736
17152,-5180,-1384,1723,226,-2623,831014633
12844,-5204,1176,2458,-606,-3807,831215544
12136,-2956,-2088,-1728,-1332,-4276,831425812
12972,-2900,-368,-1808,904,-8520,832086406
12056,-2252,-1748,-4816,-460,-9345,832534764
11900,-68,-2152,-2985,352,-11176,832964694
9576,128,-2356,239,-32,-11833,833185024
11640,1788,-3780,-618,1219,-11708,833412918
12900,2780,-744,-3515,2838,-11535,833633536
12788,2908,2568,-1872,494,-11550,833861422
11816,3484,1528,-3564,-1319,-11242,834082001
12192,4816,4097,-27651,-6678,15089,3129956302
12832,7028,-3244,-8802,-1580,-12757,834512808
12784,7452,-3548,-9096,1513,-12565,834731574
13552,7276,-2692,-5377,4806,-27135,3296704468
13196,10188,-1216,-3944,5298,-9863,835170736
14100,12660,-272,-7091,4780,27906,3406532325
15088,11376,568,-6058,3488,-2523,835592340
14980,9432,0,-2222,1937,-661,835802757
14940,7816,-1712,-987,1659,-674,836013047
16228,8224,-2000,-1702,3468,-2221,836224410
17108,9276,736,-1004,4717,9986,3671515641
16692,8872,2384,786,8450,21001,3725175547
16624,7920,552,1071,777,-557,836845260
16892,5936,-872,-397,2269,-1647,837047270
17084,5936,668,-245,3821,-4318,837257682
17352,7452,2676,1018,2704,-6409,837458731
15888,9376,1836,-443,678,-5938,837670086
15792,8316,228,-1195,121,-4612,4041605906
16948,6812,212,1093,1028,-5109,838080633
16156,8252,1388,2250,1513,-5548,838290851
15260,9064,1816,804,137,-5122,838492857
15044,9720,684,-826,-654,-4084,838703252
14900,9536,156,177,-447,-2996,838904302
15344,9232,-76,4123,94,-2300,839115664
14812,9368,1652,4698,-8447,-22019,177241854
6936,9408,4268,4715,-9471,-9225,231534854
19888,9648,892,1569,-4010,3221,839966280
15744,7812,-924,6844,-3982,2962,335614477
15192,11152,-448,7209,-1230,3217,840597289
14984,8240,-1480,2358,-846,4017,840816896
15096,8404,-2064,-2966,1268,4816,552681217
15944,5612,-696,-8680,3789,2951,841238484
14524,5124,824,-15852,4029,260,841458113
14588,3932,1272,-19296,2944,-2489,841668537
15772,7612,1144,-12906,1799,-2963,842089218
14772,8564,2288,-9327,446,-1931,842308910
14124,8376,2376,-5656,-1789,-674,842527588
13672,7000,604,-5081,-2367,178,842738828
14020,6608,376,-2850,-1718,210,842939882
13740,7640,1656,43,-1117,274,1156717831
13576,6300,1144,1278,-2250,2618,843580183
13620,6124,-188,728,-2015,2221,843789668
13464,6020,-888,183,-344,1777,844010261
14116,5468,1600,2335,2023,418,844449604
14532,6292,2268,293,235,84,844877888
14592,6912,1484,540,-48,60,845089874
14528,7412,1148,152,176,416,845299377
14664,6872,1268,-193,400,1032,845529219
15304,6436,1708,-270,169,1058,845729337
14880,6596,1776,-134,-385,508,845939740
14296,6648,1236,-1097,-731,26,846149969
14972,7140,756,-1802,-597,-533,846361338
14496,8048,1100,-724,1213,-526,2025259282
14112,8152,1968,-819,824,-175,846984072
14312,8276,964,-1856,703,-192,847412252
15152,8964,1044,-2274,1622,101,847632796
16092,8516,3756,-2463,3002,-279,848072125
15292,11664,3240,-4049,92,162,848500551
16020,12336,3536,-3584,170,1612,848712416
15640,12160,4268,-1202,-290,3921,848922021
14620,12444,3760,1011,-1513,4710,2629545474
14168,12692,3308,1745,-2234,6503,849334234
14504,12980,2708,4634,-11519,1270,2735065632
13852,12372,2672,7144,-2520,786,2786535468
14328,10256,2824,9146,-2575,14651,849957068
12484,6552,1344,8263,-3965,15691,850385363
11952,5316,16,8277,-3684,26874,852694577
11252,5656,-968,8574,-2290,12389,850470711
10712,6096,-1036,8440,-68,11718,851008760
12280,4684,18434,21504,-982,-27386,3164210739
11740,1520,1340,12084,2173,16248,851439674
12200,-776,2496,10810,1649,17128,851669490
12420,-5300,380,5178,-1388,12671,852116991
13716,-7192,-496,3244,37,10426,852336507
15728,-10280,344,4795,21251,-6392,3557483806
15512,-11804,2148,5534,1220,6254,852959732
16268,-10984,1344,4748,18946,-18178,3661161742
17472,-11472,816,3396,-919,2984,853371631
18016,-10368,712,2254,-140,1846,853582910
17424,-8480,384,-172,580,1582,853792316
17624,-9672,1632,-248,568,1415,854011851
17484,-9908,1440,812,-208,-357,854213019
17632,-8568,704,-1590,318,-1559,854431621
18608,-8020,1968,-1980,853,-1855,854641024
18704,-7268,3112,-589,178,-1477,854851993
18104,-7748,2820,-1407,-1237,-1607,855054405
16636,-8552,1624,-2764,-2620,-3086,855255138
16352,-8292,316,-4654,-2479,-3854,855467049
15556,-6628,-652,-4042,-2062,-4628,855667260
15108,-7576,-608,-4607,-915,-4758,855895086
13300,-7180,-572,-4347,-1533,-5739,856115658
12120,-7876,-1296,-4655,-1611,-6882,856343614
11088,-8548,-2276,-3380,-1875,-8439,856564087
10568,-4112,-232,-1297,523,-7624,857012586
6716,-1388,-1888,7064,-4399,-6113,857461095
8096,-1152,-4760,1247,-2251,-6606,857688994
11848,-3000,-3832,-5174,4663,19714,579130316
11652,-2960,1172,-3958,9171,-20275,858110580
9756,2160,4856,17154,-25090,21021,686794643
9508,14032,3752,-7848,5265,-30599,858541444
11412,17740,4812,-32509,-29221,2318,794511769
16388,19648,4140,-725,2765,-22981,858952108
14320,20724,6008,-278,2310,-18140,859163390
15136,21440,4704,23555,17129,-13063,956303305
15940,19868,2400,-6701,-2845,-10063,859601546
15948,17496,504,-1167,-2163,-7002,859812831
15184,15260,800,1534,-702,-5158,860031599
15252,14208,1020,79,-636,-3719,860252164
15256,13880,516,-1020,-945,-1516,860461652
14792,11952,88,1091,-1403,213,860671981
14356,10668,-824,2574,-1248,702,860892480
15260,9752,-828,1695,381,812,861111243
15032,10024,1084,1551,1186,647,861321479
14504,11104,1156,561,-8,1135,861532837
14884,7660,660,2434,-166,2259,861943508
14472,8060,472,1695,235,1762,862155607
13852,9072,-168,632,-260,1728,862583791
14036,8524,-128,1226,36,2908,862804362
13984,7476,140,2096,534,3938,863014601
13656,6024,808,2171,542,4032,863235255
13240,5600,616,1585,-195,2544,863436211
13096,6044,-192,-424,-180,916,863655001
13196,7076,-588,-558,582,132,863875569
14276,6300,-204,575,1891,431,864084973
15128,5548,1900,1755,2145,522,864304577
14512,4184,3368,3586,-756,218,864507398
14624,3716,1332,3077,-2563,-540,864726173
14728,3320,732,2390,-2364,-3210,864955935
14496,5476,552,1432,-2178,-5454,865165321
14632,8212,1276,281,-2235,-5244,865384949
14304,8952,1308,1387,-4347,-3842,865587763
14360,9448,-588,1411,-5039,-2834,865806517
13872,7700,956,1515,-5580,-3961,866016750
14304,11684,-2024,1188,-6062,-4885,866228129
14552,12092,-2016,2062,-5260,-3307,2768376360
13784,12884,-3016,5577,-4462,-1033,866667380
13064,11720,-3208,5326,-3101,1146,866886155
12780,11316,-3340,2145,-1913,1672,867096389
12476,9720,-2892,1321,-1122,1501,867307753
12344,9052,-3352,3495,-863,321,867508804
11340,9408,-3808,3619,669,-368,867719046
11316,9872,-3468,940,2444,-264,867939675
11272,9296,-2184,592,2513,-178,868367976
12308,9916,-1996,951,2799,297,868579965
13160,10168,-1376,554,2995,1373,868789454
13520,9296,-952,-273,2837,2160,868999666
13776,7996,27856,21720,10243,2404,869220137
14244,8116,-1428,2778,1466,2137,869439030
14092,8412,-1748,2533,1402,2015,869640794
13824,8236,-2048,1458,1274,2038,869860416
13864,8152,-2104,274,-11767,19973,3699352841
14568,8304,-2148,4767,27650,20488,3087143434
13772,8740,212,3893,440,6826,870719490
13132,8532,-860,1418,-1526,8981,870930861
14460,5824,-3692,3883,-803,9144,871342138
13840,4288,-2484,7567,409,7925,871562783
14236,4748,-27646,-16138,31518,8191,4135080469
14972,6456,-3572,3193,1101,4844,4189167106
15520,5516,-1368,4050,3169,5346,872441099
15264,5588,-984,6121,1547,5233,872660816
14976,5152,-1920,4782,-27647,-16382,121273877
14960,4064,-2760,530,-20208,6659,177676566
15588,3640,-2624,3787,2110,4703,17996803
15700,2984,-1352,530,23309,-32503,309256206
15564,2596,-1400,1582,397,1134,874006248
15664,3276,-2176,1247,350,903,874234157
15952,2964,-2024,1469,684,869,874454781
16064,2908,-1284,1859,333,1007,874682675
15780,2772,-1396,1254,274,-17667,636923651
15676,2484,-2412,165,-980,646,875131178
15548,2544,-2852,484,-223,229,875351670
15948,3100,-2268,632,552,166,875570442
15696,3480,-1552,56,140,370,875800224
15828,2976,-2616,411,-665,-260,876248780
16168,3720,-2732,-543,452,-638,876697276
16580,4072,-1472,568,-353,-216,877145735
16304,3960,-2108,-815,-1156,-175,1267007762
16188,4088,-3268,-1455,-1278,-579,877594281
15608,4232,-3248,-1158,-369,-978,877812971
15636,4752,-6143,30195,-5121,29439,1440479996
15200,4636,22531,-23561,12800,12541,1555036673
14644,4680,-8191,28658,13053,22779,1611444738
14432,3680,-4228,-487,-245,225,878937836
14716,3376,-3864,291,968,-184,879158460
15072,3548,-2752,1117,1427,54,879386355
15436,3684,-2492,691,1098,490,879606908
15036,3060,-2436,251,562,579,879834879
14952,3592,-3816,894,1698,1437,880055344
15940,3940,-1120,3396,740,1318,880503882
16704,3208,-3340,2801,-211,2612,880952394
15596,2640,-1604,4656,-2047,-8449,2243857416
16788,3416,-3212,5758,-565,2366,881400861
15000,1872,-2852,2533,-134,540,881840048
15112,2196,-3152,1262,165,-591,882050468
15248,2572,-2912,-179,570,-1086,882278364
15568,2752,-3152,554,379,-1470,882498927
15144,3332,-3100,-216,1165,-1663,882726914
15736,3172,-2364,4,1292,-1440,882947382
16364,3628,-2400,113,149,-972,883395905
16592,4320,-2576,1651,-985,-183,884274260
16180,4108,-2920,1350,-1153,687,884704089
15928,3780,-3188,1352,-1100,1004,884924709
15068,3576,-3388,2884,-1197,1306,885152617
15444,3420,-4208,3185,-489,1584,885363882
15364,2840,-3664,2547,386,1622,885564931
15252,2828,-3720,371,793,1363,885783733
15496,2704,-3400,-1751,1418,1022,885995823
15636,3012,-3128,-2055,1601,893,886195837
15840,3128,-2800,-3737,1636,1199,886406238
15888,3000,-2464,-4808,1431,1489,886616495
15844,2412,-2320,-5652,845,1411,886837039
15912,2652,-1864,-11070,-278,-540,887267870
15884,3648,-1956,-12426,-1502,-2160,887486630
15916,4776,-21502,-18954,15568,-4872,3912128753
15688,6696,-3168,-11894,-1608,-4444,887908991
14668,7380,-3524,-8765,-1673,-3207,888136962
14360,-27264,-29787,-4436,-5283,-29471,1714240052
15400,9852,-3920,-133,1723,3777,888576210
14428,8316,-992,674,1656,6547,888805969
14020,6292,-3060,-2001,-1270,6664,889254474
15140,3940,-3536,-1188,1218,8299,889702917
14852,3300,-2968,749,1674,7533,890140995
14952,1936,-3272,786,-15093,22025,316085276
16096,2584,-2840,4267,4030,7171,890589521
15168,1160,-544,5311,3898,8275,890810083
15668,28,-784,5890,2470,9298,891038060
15472,-5852,-840,6293,2273,7413,891707068
16424,-7888,-756,3766,2003,3408,892155608
17024,-7060,-548,2484,1982,2279,892383443
16556,-6760,-80,2301,988,1387,892594741
16488,-6720,-876,1438,311,1428,892813356
16756,-6632,-1016,262,495,896,893032206
16568,-6380,-852,-305,535,-711,893243294
16768,-5732,-416,530,18686,-30975,1095338229
16372,-3648,-980,-1136,-19,-3705,893682409
16484,-1364,-1204,-2321,317,-3586,893901203
16904,-528,-928,-1998,949,-2620,894111261
17268,-612,188,-457,733,-1538,894331848
16624,-640,496,-304,-772,-699,894559758
16388,-976,-752,-2456,-1300,198,894780324
16104,-1868,-1256,-1710,-1250,128,895008296
15896,-2284,-1436,-846,-769,-107,895228794
15880,-2124,-1072,-2314,-815,-979,895677355
15740,-352,-1984,-2305,-837,-2235,896125928
16016,824,-2208,-1869,-5,-2846,896336128
16192,2020,-1744,-840,405,-2120,896555064
16176,1840,-732,-265,177,-965,896775390
15808,1404,-1048,-558,-938,-146,897003291
15976,468,-1948,-696,-1139,42,897223924
15616,144,-2508,-208,-838,-477,897451817
15440,408,-2668,-115,-188,-600,897672397
15580,440,-2384,73,331,-299,897900363
15892,212,-1924,186,403,79,898120834
15988,-144,-2476,530,-15872,-2304,2400488447
16336,-720,-1788,675,736,2,899017880
16636,-688,-1384,-98,673,-417,899245788
16532,-176,-1536,-80,196,-392,899466341
16708,-428,-1468,440,170,158,899914806
16708,-292,-1296,412,-109,158,900133505
16496,-468,-1384,263,-385,-78,900363270
16152,-388,-1832,286,-439,-345,900581971
16004,-180,-2300,177,-196,-204,900811811
15976,-780,-1488,877,418,174,901260264
15904,-728,-1324,530,30209,-9216,3140812031
16160,-504,-2080,-172,344,-178,901909800
16372,-464,-1792,618,790,121,902137697
16484,-696,-876,458,367,292,902358249
16288,-572,-1232,301,-268,189,902559294
16052,-516,-1972,-141,-221,143,902787408
16148,-680,-1976,-35,189,416,903007811
15884,-892,-1620,418,187,317,903235719
15704,-716,-1792,-204,49,41,903456281
16048,-744,-2176,-486,201,-126,903684247
16236,-728,-1800,201,478,-225,903904728
16532,-504,-1508,-479,233,-602,904353264
16576,240,-1652,-627,-323,-726,904801798
15772,600,-1560,-510,-439,274,4054335998
16492,104,-1928,137,-607,-72,905250277
16088,-392,-2348,-177,-229,2,905698727
15820,-32,-2696,127,47,-128,906147202
15992,-188,-2324,731,425,7,906595740
15924,112,-2232,245,447,266,906823566
16228,176,-2092,298,450,465,907034743
16328,-456,-1892,540,468,497,51550724
16236,-672,-1704,557,426,137,386077427
16352,-460,-1688,-36,398,-243,907702747
16356,-284,-1728,81,111,-374,907930655
16172,-56,-1860,13,116,-145,908151241
15956,-440,-1764,287,108,4,908379214
16004,-576,-2004,215,92,-199,908599714
15964,36,-1984,-249,95,-337,909048273
15764,-392,-2160,164,179,91,909496801
16124,-716,-2172,-64,452,-68,961282322
16260,-444,-1940,-158,450,-583,909945263
16556,-240,-1912,141,330,-235,910393651
16644,-676,-1752,263,134,-389,910612416
16484,-264,-1764,-401,-169,-866,910842183
16640,-72,-1576,-323,-104,-968,911060883
16508,132,-1464,-98,-323,-714,911290652
16076,-456,-2156,-635,-1078,-810,911739109
16020,272,-2528,-365,-92,-1530,912187544
15704,1260,-2336,-760,11,-1294,912406301
15940,1572,-2492,-518,227,-143,912635127
15904,1188,-2508,413,452,447,912854769
15452,504,-2432,330,934,-170,913082741
16336,796,-1872,665,812,532,913531185
16196,160,-2040,793,444,670,913751742
16564,56,-2012,523,771,54,914200292
16608,-96,-1384,623,660,77,2164331039
16524,176,-1676,435,215,-94,914648760
16452,264,-1844,94,198,93,914876732
16336,308,-1800,251,249,267,915097231
16004,-192,-2052,145,-48,319,915545743
15924,4,-2332,-28,232,-163,915994256
15912,308,-2028,48,341,-355,916222144
16008,644,-2100,27,227,-482,916442684
15892,968,-2308,195,476,-219,916891108
16224,744,-1768,234,751,-69,917109857
16204,564,-1552,471,340,101,917339620
16124,184,-1944,101,74,198,917558320
16280,-184,-2380,49,371,66,917788157
16324,-116,-1292,741,561,78,918235689
16196,96,-1852,-191,121,-58,918455288
16620,-84,-2104,32,539,29,918683160
16764,-96,-1636,741,892,-10,918903805
16744,-104,-936,201,551,-170,919131691
16472,292,-1336,-217,-273,-191,919352260
16444,272,-2084,-222,-201,216,919580237
16304,136,-1920,498,184,257,919800726
16064,252,-1680,-74,-211,-18,920249266
16100,60,-1996,268,245,371,920697801
16036,40,-1848,150,175,305,920925699
15676,252,-1720,-439,132,20,921146255
15884,152,-2384,-256,202,56,921594678
15904,164,-2108,274,-15360,4609,3250388994
16228,108,-1768,0,319,-43,922043186
16316,384,-1792,-155,30,-50,922261876
-88,-4098,-257,-13433,-15005,23679,4291755000
15984,328,-2272,96,59,-45,922940089
16144,400,-2200,-93,184,-303,923388545
16048,576,-1960,56,186,-130,923607318
16040,472,-2212,80,108,241,923836149
16184,204,-2240,82,163,786,318298624
16280,424,-2348,107,421,-256,924283744
16136,484,-1648,543,520,365,924732189
16256,136,-1812,373,2,476,924952742
16356,-152,-2092,-19,68,136,925172283
16316,192,-2316,50,296,-147,925392859
16440,360,-1724,416,453,-19,925620761
16252,360,-1632,254,38,83,925841330
16316,284,-2232,166,96,-91,926289775
16316,252,-1956,352,296,94,926508552
15912,292,-1932,222,-38,107,926738334
15876,432,-2376,45,-29,139,926957027
16012,428,-2688,151,466,149,927186882
16200,352,-1448,383,580,-55,927635295
16036,528,-2272,301,149,194,928083055
15884,136,-2288,548,469,403,928302546
16068,-348,-1996,371,786,9218,1480653057
16080,-356,-1980,82,374,-140,928751037
16176,-84,-2256,-118,414,-406,928978994
16408,388,-1672,111,384,-174,929648017
16356,1004,-1600,348,106,87,930096559
16124,760,-1936,386,-67,319,930324442
16024,472,-2188,362,117,302,930544986
15892,248,-2080,561,296,259,930772965
15916,-96,-1844,493,439,265,930993457
16088,-152,-1804,333,440,-104,931441988
16324,220,-1724,271,606,-169,931890501
16480,232,-1748,200,537,-4,932118408
16664,176,-1612,117,419,-5,932338981
16552,440,-1640,139,334,98,932787449
16420,464,-1584,346,158,137,933006229
16344,556,-1752,125,-105,225,933235989
16288,228,-1928,165,14,225,933454671
16292,340,-1968,421,50,216,933684507
16060,-44,-1948,81,85,64,934132054
16084,156,-2048,499,54,89,2969768504
16080,88,-2140,94,205,322,934579551
16040,-80,-1876,405,270,97,934800126
16172,248,-1968,28,441,-76,935028020
16236,400,-1712,111,369,-70,935248583
16116,548,-1884,120,209,142,935476559
15964,368,-1916,85,81,400,935697040
16060,104,-2068,257,325,30,936145566
15952,348,-1836,120,59,-42,936594092
16168,316,-2144,-166,101,-190,936821993
16216,316,-2084,243,367,-348,937042554
16432,480,-2020,298,416,-220,937262095
16612,528,-1732,11,265,54,937482593
16580,136,-1796,371,115,3,937701299
16592,308,-1796,367,351,-132,937931059
16524,744,-1484,188,306,-149,938149750
16264,840,-1380,359,-126,220,938378667
16000,-448,-2004,430,-252,369,938826103
16128,-336,-2188,226,216,-242,939046668
16156,-56,-1780,300,423,-368,939274564
16288,32,-1568,530,-7935,14080,4287564032
16204,-12,-1836,234,-156,472,939723059
16352,-300,-2424,110,80,223,939943628
16332,-16,-2188,-76,665,-188,940171604
16452,268,-1580,101,697,-169,940392103
16408,716,-1808,-2,-170,412,940840658
16120,96,-2144,111,-145,59,941289224
15944,96,-2092,-22,-102,-216,941517131
15896,320,-2176,189,-29,-190,941737699
15832,612,-2284,65,27,-135,942186152
15892,504,-2308,157,302,158,942404915
15880,-4,-2096,485,354,33,942634669
15852,116,-2096,78,312,-130,942853353
16192,276,-2100,63,495,-98,943083175
16360,308,-1584,160,361,-372,943531647
16328,244,-1732,397,-251,-95,943969841
16128,128,-1976,154,-61,-202,944190469
16120,160,-2128,-122,57,-202,944418365
16116,196,-2092,60,241,274,1309395455
16432,88,-2156,-636,703,-531,944866887
16264,632,-1624,-369,427,-991,945087367
16264,592,-2136,-38,238,-295,945535897
16252,616,-1832,179,266,132,945984420
16116,524,-1996,149,42,132,946212316
16260,460,-2308,52,232,16,946432890
16616,508,-1844,235,466,40,946881352
16376,420,-1684,333,170,38,947100116
16264,448,-1976,248,134,129,947329897
16104,44,-1988,258,178,-9,947548579
16048,364,-2156,353,216,-67,947778396
16004,468,-1836,294,183,-36,948226840
16080,676,-2040,-17,174,14,948445516
16024,524,-1928,251,229,-88,2342454034
15900,688,-1940,418,270,-61,948894013
16220,596,-1880,189,369,124,949121890
16196,128,-1712,333,308,63,949342423
16288,248,-1876,274,-30207,-1280,2571852031
16412,320,-2108,-35,189,-41,949790879
16468,564,-1808,311,318,-157,950239426
16120,740,-2120,112,-221,399,950687961
16156,116,-2148,392,530,-18944,2916286465
16088,188,-2248,225,288,-157,951136407
16044,672,-2028,-74,447,-394,951364372
15948,1004,-1788,167,317,-43,951584834
16336,180,-2028,362,279,452,952033390
16400,504,-1928,106,328,-94,952481903
16480,536,-1876,105,276,-32,952709807
16644,512,-1828,332,153,184,952930376
16444,248,-1876,49,-53,86,953378828
16292,316,-1860,111,-102,23,953597589
16100,408,-2136,185,-130,127,953827349
16032,444,-2108,220,7,11,954046035
15988,556,-2364,182,323,347,954274943
16276,600,-1828,278,206,82,954722456
16140,560,-1836,331,0,252,954943007
16012,340,-1932,459,-62,315,955170906
15944,184,-2024,265,-121,42,955391523
15904,364,-2096,72,-102,-120,955619424
15768,440,-2160,250,-47,-98,955839990
15952,508,-2240,170,266,-87,956067971
15976,208,-1852,431,359,-67,956288446
15876,320,-2200,59,-61,220,956736964
16180,-56,-2152,168,803,-202,957185520
16336,512,-1784,26,618,-417,957413402
16212,492,-1836,73,137,-29,957633960
16348,128,-1960,165,338,-38,958082424
16268,404,-2048,40,243,-374,958301198
16320,652,-2116,39,207,-211,958530960
16192,740,-2048,282,137,26,958749665
16212,512,-2064,299,106,168,958979512
16176,448,-2032,293,268,4,959427278
16140,352,-1888,482,226,-1,959646663
16024,320,-2304,294,182,-39,959875498
16156,280,-2204,234,198,-26,960095213
16096,496,-2044,313,786,15873,1029584640
16136,276,-1848,346,237,95,960543709
16000,168,-1932,12,169,-221,960771690
15996,640,-2092,74,137,-588,960992182
16100,968,-1924,412,381,143,961440668
16268,264,-2260,239,202,297,961889198
16328,-84,-2196,382,428,63,962117093
16408,84,-2084,362,611,-240,962337666
16520,440,-1824,324,156,214,962786100
16448,-192,-1752,236,161,-41,963234631
16172,576,-1852,252,-203,-297,963683151
16052,964,-2224,-29,-158,63,963911058
15924,712,-2152,114,139,262,964131610
15740,416,-2168,182,45,159,964580069
15856,572,-2812,110,153,183,964798827
15800,444,-2468,316,487,113,965028598
16140,396,-2068,348,663,40,965247305
16164,352,-1820,104,340,53,965476224
16328,552,-2284,54,366,-320,965923727
16280,900,-1936,253,426,-427,966144283
16252,1096,-2028,314,179,-38,966372191
16092,676,-2192,439,116,381,966592831
16220,308,-2284,454,199,337,966820658
16188,260,-2304,322,264,53,967041211
16256,272,-2276,197,551,-118,967269181
16448,276,-1884,504,613,-96,967489662
16412,592,-1956,145,165,-100,967938207
16228,408,-1900,609,222,523,968386724
16228,112,-2008,395,115,355,968614634
16264,176,-2228,73,253,48,968835191
16208,520,-1544,324,243,189,969283649
16152,500,-1832,390,43,174,969502433
16088,584,-2232,217,136,198,969732208
16036,440,-1928,451,220,305,969950906
15928,176,-1948,490,112,307,970180737
16024,356,-2080,270,527,-35,970629209
15960,360,-1924,330,140,226,971076710
16112,308,-2440,221,223,350,971296423
16352,32,-2052,601,795,306,971524310
16272,320,-1820,558,724,97,971744859
16352,-32,-1252,182,354,-14,971972813
16212,-104,-2096,284,228,32,972641772
16232,212,-2084,37,116,26,973090328
16368,616,-1992,138,395,-175,973521147
16312,680,-1940,303,52,444,973968907
16296,248,-1996,338,82,733,974188382
16292,76,-2020,262,184,235,974417193
16060,116,-1872,329,199,-58,974636835
16220,112,-1696,355,135,-107,974864812
16072,180,-2428,253,146,-42,975533749
15984,-22100,-12517,24506,10910,-5624,3985025200
16128,128,-1904,277,258,-23,976210177
16252,284,-2032,174,279,-17,976430746
16184,200,-1852,80,251,78,916521490
16100,448,-1912,234,45,41,976879187
16196,240,-2300,35,283,-105,977327711
16108,572,-2100,159,-33,-138,977776240
16100,788,-2504,-2,47,-80,978004133
16128,496,-2264,362,339,-87,978224700
16044,728,-2316,113,150,60,978663802
16104,536,-2532,417,364,196,978883516
16104,320,-2316,459,686,170,979111362
16380,168,-1872,395,738,68,979331930
16192,396,-1988,329,352,37,979559898
16352,96,-1952,369,470,-100,980228901
16328,440,-2148,423,158,-105,980677422
16292,500,-2300,390,270,99,980905303
16216,248,-1980,563,412,38,981125850
16224,528,-1932,414,257,-96,981353805
16136,376,-2020,335,194,33,981574267
16100,-76,-2240,465,480,262,982022784
16172,-248,-1996,231,470,-56,982471329
16236,-292,-1908,350,461,-185,982699231
16328,12,-1920,100,435,-272,982919778
16560,1020,-1720,68,717,-480,2634154770
16440,928,-1292,326,464,-148,983586990
16468,840,-1572,236,100,169,983816735
16196,484,-1760,482,-112,404,984035437
16280,272,-1908,458,243,426,984264586
15904,308,-1600,485,168,111,984712099
16004,960,-1836,315,47,40,984932431
16016,876,-1492,627,352,172,985160319
15552,1748,-1464,265,241,580,985380954
15396,2480,-1240,-220,309,1307,985608847
14872,4204,-1952,-692,385,2825,985829409
14988,4248,-2484,-526,1032,4661,3322582785
15080,3860,-2512,1037,2074,5227,986277834
14144,3144,-2892,733,2788,5198,986726347
13856,4796,24577,13810,-30461,786,3422687965
14124,5252,-2520,1396,6202,7822,987402750
13696,-4172,2956,7166,3533,15281,987824343
14688,-6140,372,3543,2045,14257,877725965
12644,-6348,-836,1633,3367,9405,988272879
13384,-4824,-876,64,4329,6184,988500779
13980,-5308,568,2981,4836,-18430,4002181155
13992,-7724,1876,5850,4609,23042,4058164778
14544,-9340,1432,2304,3002,5458,989351432
14280,-8464,968,2384,3425,2983,989579258
15084,-5928,632,2077,4730,10498,4280650502
16212,-5504,2276,4080,5260,2650,990018429
16924,-6120,3060,5208,4793,2817,98096141
17428,-7808,3896,3391,3663,3503,990448360
17588,-6832,3332,2898,2478,2665,990658285
17388,-7816,3328,2678,1908,2663,990859115
17620,-6632,2956,2596,1514,2200,34757008
17204,-6400,2668,3486,1428,2074,991261041
17136,-7052,3080,3768,1137,3453,991479661
17056,-7704,2892,3758,236,4715,472196355
15728,-9144,2364,2389,-1296,2848,992130820
15984,-8304,2044,2583,195,3365,992579147
16240,-9300,2780,2631,14,3670,992806973
16388,-9864,2192,2318,-817,3152,993016408
16504,-9852,1748,1724,-617,2306,993227609
17448,-9500,1372,1302,632,1716,993656499
17140,-10040,1764,2728,1156,1175,993867808
16296,-10712,3672,2197,267,530,1137313024
15644,-9444,2144,1527,-1378,397,994746786
13892,-10872,2596,1661,-100,1309,994974601
13328,-12460,3832,1468,651,-336,995195072
12300,-11844,5392,509,-832,-4655,995642471
12068,-10880,4792,-12799,-23807,-26378,1537610990
13356,-9280,4612,-15103,-12558,-6921,1595935474
14596,-9868,4712,32259,-11020,24817,1652381432
14360,-11028,3380,-2199,-4998,-1848,996528969
14932,-11664,2184,-2004,-4635,-3652,996749463
15660,-10940,1696,1842,-3671,-6672,996949675
16800,-8128,1704,5900,-2077,-8789,997168283
17576,-5028,3032,7408,-639,-8966,997379583
16556,-2500,5208,3759,-1671,-7041,997589005
16480,-2312,4652,-1022,-15108,12525,2033748973
16136,-6124,3260,-223,-7137,-4491,998011426
14172,-7132,392,3654,-8167,-6475,998239256
13676,-6016,-1252,1968,-6185,-9324,998450546
12692,-4872,-612,381,-5190,-11528,998659968
12812,-1904,20,-798,-3983,-11044,999090834
11736,-2248,-556,-1591,-5265,-9083,999309435
11540,-2184,-2764,-3256,-5135,-7923,999530006
12020,-2568,-3672,-4132,-2347,-7543,999739422
12760,-1796,-160,-2212,2041,-10090,1000169335
12620,-364,544,-2762,725,-9481,1000387946
13584,-1020,-156,-336,-260,-8236,1000809537
13864,-552,68,-1590,632,-10072,1001009643
13432,2044,1168,-3440,484,-11975,1001219903
13792,4140,604,-3233,-603,-11101,1001431118
13484,4860,-21503,-20226,24571,32762,3014784734
13316,3840,-1216,-1501,-1357,-5503,1001842503
13204,1808,-436,-973,-1078,-4013,1002063078
14284,896,256,1856,-1763,-4939,1002281775
12732,588,572,2990,-3686,-6521,1002511523
12640,2112,-1768,2480,-4557,-7168,1002730281
13316,3320,-3316,3604,-3158,-6154,1002959109
15112,3288,-1532,2354,-57,-4441,1003178737
14340,3224,1088,2058,-1868,-3964,1003406704
13364,5784,-1560,-4285,-3901,-3368,1003627190
14068,4332,-4144,-5067,-1356,-3200,1004075684
15108,4668,-16381,-9221,19450,-25086,3752952810
13532,6100,-1032,-3060,-4612,-7802,1004964212
12320,6928,-5740,-7714,-1235,-9060,1005412676
13616,7956,-3744,-6729,2060,-10867,1005631464
13316,9996,-1620,-4329,2674,-9812,1005841810
12920,9924,-564,-2908,806,-8752,1006044631
12452,9884,-2016,-2020,-663,-8303,1006245677
12712,9048,-3092,-1680,487,-9230,1006455290
13516,9904,-2944,-2626,2526,-11414,1006667367
13428,11816,-960,-3594,3928,-11638,1006885992
14104,12836,0,-3174,2995,-9946,1007104755
14388,13404,300,-1600,1338,-7960,1007307669
14184,12752,-356,-383,209,-6118,1007517052
14368,12632,-1056,-1050,542,-5045,1007736666
14000,13292,-1000,-2032,1200,-4392,1007947958
14652,14124,-1028,-1620,1556,-3380,1008166727
15136,13548,-256,285,1676,-1374,1008378032
14732,12456,128,530,11780,15875,500580862
14736,11452,28,180,137,39,1008807968
14892,11168,-588,-227,-10,-132,1009009845
14984,11064,-696,-848,503,-342,1009229544
15056,11928,-560,-219,532,-651,1009448223
14848,12712,-620,-900,484,-177,1009659589
13712,16380,-60,-2156,33,-266,1010088482
12848,18268,-540,-2548,-125,544,1010309113
12496,18116,-1088,955,-117,3100,1010527812
11420,17964,-1620,2636,752,6715,1010739171
11252,16684,-1264,1830,1621,9115,1010940228
11696,11712,-604,3318,2023,12453,1011808730
12112,10756,712,2894,2070,13641,1012029073
11840,9012,1000,4736,9473,-7679,1439744051
12384,7112,-972,-5,-7,12255,1012477573
11832,5580,-1376,8476,1044,10436,1012705465
12128,7160,-1656,5611,2931,9369,1012926026
13020,6768,-228,3506,3569,8943,1013153986
12800,7748,29412,6764,3282,9629,1013374457
12420,5208,348,-545,2854,11593,1014023073
11644,3432,1860,-2002,1695,11533,1014252759
10724,2444,-472,-510,-138,11325,1014471380
12396,-988,-1360,4733,6913,-11507,2111957040
13004,-1824,392,8557,4684,-19455,2165808938
12592,-2104,1124,8464,4105,9640,1015321060
14172,-3893,1964,8201,3181,9236,1015981896
16100,-5284,1140,5859,3197,9130,1016410189
16380,-9372,2496,7016,2859,9298,1016858576
17356,-10304,3016,4002,2587,7734,1017079068
17308,-11156,3848,2453,1612,5693,1017527385
17048,-11932,3788,2137,972,3592,1017746005
16652,-11836,3212,2052,272,824,1017966485
17040,-11136,2952,1430,1256,-1698,1018185223
17444,-9884,3492,103,1999,-3065,1018395277
17872,-9260,4724,18689,-21510,-2297,3067595253
17488,-9120,5448,-2628,796,-3235,1018843581
17308,-8640,4708,-28671,-2060,27388,3182362347
17528,-7236,3568,-3271,-559,-6864,1019291878
17092,-4908,3916,-3509,-5,-6665,1019512350
15772,-5820,4616,14337,-31507,24310,3409550830
15676,-7460,3240,-5130,-3111,-5445,1020170139
15064,-6920,1964,-6405,-2663,-7801,1020399832
15144,-6688,2140,-6729,-1530,-8924,1020627665
14604,-6500,2796,-18388,-3977,-10505,1020848142
11952,-5176,320,-4815,-3428,-18739,1021287043
11972,-2508,3108,4656,24578,5,3920340608
9624,4660,-12286,-32752,252,248,3976339072
9384,11580,2932,-6657,-5420,-31853,1022367202
8484,14068,884,-4964,-7340,-24647,1022579301
7600,13888,-2320,-1140,-7483,-17988,1022781004
7552,13896,3480,-4612,-3700,-16612,1023211944
6044,19732,-1740,-5412,-8198,-11955,1023660502
7928,16684,116,-2464,-734,-6284,1024108980
7312,20360,-416,-5319,-3717,-3810,17990024
7804,20328,-2244,-2703,-3047,-223,1024776219
8788,18104,-2672,-929,-793,2838,1024986469
