0.0,-1000.0,-1000.0,-1000.0,0.0
-1000.0,-1000.0,2.9527922,-1000.0,89796330.0
-1000.0,-1000.0,2.9527922,-1000.0,90157530.0
14.245547,-1000.0,-1000.0,-1000.0,92142310.0
13.7206545,-1000.0,-1000.0,-1000.0,93225780.0
48.73079,-1000.0,-1000.0,-1000.0,114182700.0
-1000.0,-1000.0,-1000.0,-1000.0,-1000.0
-1000.0,-1000.0,51.27317,-1000.0,170712620.0
62.051834,-1000.0,-1000.0,-1000.0,180643020.0
-1000.0,-1000.0,62.74953,-1000.0,181189440.0
-1000.0,-1000.0,63.226902,-1000.0,181911900.0
69.8345,-1000.0,-1000.0,-1000.0,182089520.0
-1000.0,-1000.0,58.543907,-1000.0,182272000.0
-1000.0,-1000.0,-1000.0,-1000.0,-1000.0
79.65195,-1000.0,-1000.0,-1000.0,182814140.0
-1000.0,-1000.0,66.17322,-1000.0,182996110.0
85.69793,-1000.0,-1000.0,-1000.0,183537900.0
-1000.0,-1000.0,73.38563,-1000.0,183720140.0
82.5637,-1000.0,-1000.0,-1000.0,183898350.0
87.473495,-1000.0,-1000.0,-1000.0,184621860.0
-1000.0,-1000.0,95.08552,-1000.0,216231170.0
0.0,-1000.0,-1000.0,-1000.0,0.0
0.0,-1000.0,-1000.0,-1000.0,0.0
0.0,-1000.0,-1000.0,-1000.0,0.0
-1000.0,-1000.0,-1000.0,-1000.0,-1000.0
0.0,-1000.0,-1000.0,-1000.0,0.0
-1000.0,-1000.0,-1000.0,-1000.0,-1000.0
-1000.0,-1000.0,-1000.0,-1000.0,-1000.0
-1000.0,-1000.0,-1000.0,-1000.0,-1000.0
-1000.0,-1000.0,-1000.0,-1000.0,-1000.0
-1000.0,-1000.0,-1000.0,-1000.0,-1000.0
-1000.0,-1000.0,-1000.0,-1000.0,-1000.0
0.0,-1000.0,-1000.0,-1000.0,0.0
0.0,-1000.0,-1000.0,-1000.0,0.0
-1000.0,-1000.0,-1000.0,-1000.0,-1000.0
0.0,-1000.0,-1000.0,-1000.0,0.0
-1000.0,-1000.0,-1000.0,-1000.0,-1000.0
-1000.0,-1000.0,-1000.0,3.6720896,526209150.0
-1000.0,14.336269,-1000.0,-1000.0,548059900.0
-1000.0,-1000.0,-1000.0,3.196878,548603650.0
-1000.0,14.455072,-1000.0,-1000.0,549143550.0
-1000.0,-1000.0,-1000.0,-1000.0,-1000.0
0.0,-1000.0,-1000.0,-1000.0,0.0
0.0,-1000.0,-1000.0,-1000.0,0.0
-1000.0,-1000.0,-1000.0,-1000.0,-1000.0
-1000.0,14.306029,-1000.0,-1000.0,571900900.0
-1000.0,14.522035,-1000.0,-1000.0,574791000.0
-1000.0,14.483153,-1000.0,-1000.0,577681100.0
-1000.0,-1000.0,-1000.0,-1000.0,-1000.0
-1000.0,14.491794,-1000.0,-1000.0,579487360.0
-1000.0,-1000.0,-1000.0,3.2098384,579669900.0
-1000.0,14.336269,-1000.0,-1000.0,580209800.0
-1000.0,-1000.0,-1000.0,3.2098384,580392400.0
-1000.0,-1000.0,-1000.0,3.2206385,581114800.0
-1000.0,14.435633,-1000.0,-1000.0,583460860.0
-1000.0,13.919379,-1000.0,-1000.0,589601860.0
-1000.0,-1000.0,-1000.0,3.1731174,591951900.0
-1000.0,-1000.0,-1000.0,3.1407166,593758140.0
-1000.0,-1000.0,-1000.0,3.2573595,594841860.0
-1000.0,13.90642,-1000.0,-1000.0,596104060.0
-1000.0,-1000.0,-1000.0,3.68937,597009300.0
-1000.0,-1000.0,-1000.0,3.68937,598815500.0
-1000.0,13.93666,-1000.0,-1000.0,599716350.0
-1000.0,-1000.0,-1000.0,3.153677,599899000.0
-1000.0,14.459393,-1000.0,-1000.0,600438900.0
-1000.0,-1000.0,-1000.0,3.8276134,603394600.0
-1000.0,-1000.0,102.2893,-1000.0,605611400.0
16.658327,-1000.0,-1000.0,-1000.0,627947700.0
-1000.0,-1000.0,-1000.0,-1000.0,-1000.0
-1000.0,-1000.0,-1000.0,-1000.0,-1000.0
7.668187,-1000.0,-1000.0,-1000.0,639697600.0
-1000.0,-1000.0,-1000.0,-1000.0,-1000.0
0.0,-1000.0,-1000.0,-1000.0,0.0
0.0,-1000.0,-1000.0,-1000.0,0.0
-1000.0,-1000.0,-1000.0,-1000.0,-1000.0
-1000.0,-1000.0,-1000.0,-1000.0,-1000.0
-1000.0,12.428944,-1000.0,-1000.0,718070000.0
-1000.0,-1000.0,-1000.0,-1000.0,-1000.0
-1000.0,-1000.0,-1000.0,-1000.0,-1000.0
-1000.0,-1000.0,-1000.0,-1000.0,-1000.0
-1000.0,-1000.0,-1000.0,-1000.0,-1000.0
-1000.0,-1000.0,-1000.0,-1000.0,-1000.0
-1000.0,-1000.0,-1000.0,-1000.0,-1000.0
-1000.0,-1000.0,-1000.0,-1000.0,-1000.0
-1000.0,-1000.0,-1000.0,-1000.0,-1000.0
0.0,-1000.0,-1000.0,-1000.0,0.0
0.0,-1000.0,-1000.0,-1000.0,0.0
0.0,-1000.0,-1000.0,-1000.0,0.0
-1000.0,-1000.0,-1000.0,-1000.0,-1000.0
-1000.0,-1000.0,-1000.0,-1000.0,-1000.0
-1000.0,-1000.0,-1000.0,-1000.0,-1000.0
0.0,-1000.0,-1000.0,-1000.0,0.0
-1000.0,-1000.0,-1000.0,-1000.0,-1000.0
0.0,-1000.0,-1000.0,-1000.0,0.0
-1000.0,-1000.0,-1000.0,-1000.0,-1000.0
0.0,-1000.0,-1000.0,-1000.0,0.0
13.727135,-1000.0,-1000.0,-1000.0,997745700.0
-1000.0,-1000.0,-1000.0,-1000.0,-1000.0
-1000.0,-1000.0,-1000.0,3.7131307,1018247500.0
-1000.0,-1000.0,-1000.0,3.7325711,1018608700.0
14.092184,-1000.0,-1000.0,-1000.0,1112258300.0
-1000.0,-1000.0,-1000.0,-1000.0,-1000.0
-1000.0,-1000.0,-1000.0,-1000.0,-1000.0
-1000.0,-1000.0,2.9679124,-1000.0,1130504200.0
0.0,-1000.0,-1000.0,-1000.0,0.0
-1000.0,-1000.0,2.9635923,-1000.0,1142064400.0
-1000.0,-1000.0,2.9679124,-1000.0,1143509500.0
-1000.0,-1000.0,3.767132,-1000.0,1144593500.0
-1000.0,-1000.0,-1000.0,-1000.0,-1000.0
-1000.0,-1000.0,2.9959931,-1000.0,1172049500.0
-1000.0,-1000.0,2.9873528,-1000.0,1173494500.0
-1000.0,13.742255,-1000.0,-1000.0,1174215200.0
14.029542,-1000.0,-1000.0,-1000.0,1175479600.0
-1000.0,-1000.0,2.9808726,-1000.0,1176023400.0
-1000.0,-1000.0,2.9851928,-1000.0,1177829800.0
14.468033,-1000.0,-1000.0,-1000.0,1178731100.0
14.120265,-1000.0,-1000.0,-1000.0,1181982600.0
-1000.0,-1000.0,2.9959931,-1000.0,1182165100.0
-1000.0,-1000.0,2.9873528,-1000.0,1182887700.0
14.135385,-1000.0,-1000.0,-1000.0,1183066400.0
-1000.0,-1000.0,2.9959931,-1000.0,1183248900.0
-1000.0,-1000.0,2.991673,-1000.0,1184332800.0
-1000.0,-1000.0,2.9873528,-1000.0,1184694000.0
-1000.0,-1000.0,2.9765527,-1000.0,1191919000.0
-1000.0,-1000.0,2.9808726,-1000.0,1192280200.0
-1000.0,-1000.0,2.9765527,-1000.0,1193725300.0
14.262828,-1000.0,-1000.0,-1000.0,1194265300.0
14.273628,-1000.0,-1000.0,-1000.0,1194626600.0
-1000.0,-1000.0,3.4733648,-1000.0,1194809200.0
13.740095,-1000.0,-1000.0,-1000.0,1194987800.0
-1000.0,-1000.0,2.957112,-1000.0,1195170400.0
13.729295,-1000.0,-1000.0,-1000.0,1195710200.0
13.735775,-1000.0,-1000.0,-1000.0,1196071600.0
-1000.0,-1000.0,3.4604044,-1000.0,1196254300.0
14.236907,-1000.0,-1000.0,-1000.0,1196432900.0
13.735775,-1000.0,-1000.0,-1000.0,1196794100.0
14.226108,-1000.0,-1000.0,-1000.0,1197155500.0
-1000.0,-1000.0,3.4647245,-1000.0,1197338100.0
14.210987,-1000.0,-1000.0,-1000.0,1197516700.0
14.221787,-1000.0,-1000.0,-1000.0,1197877900.0
-1000.0,-1000.0,3.4560843,-1000.0,1198060500.0
13.722815,-1000.0,-1000.0,-1000.0,1198239100.0
-1000.0,-1000.0,3.4604044,-1000.0,1198421900.0
-1000.0,-1000.0,10.696581,-1000.0,1198784900.0
14.230428,-1000.0,-1000.0,-1000.0,1198961800.0
-1000.0,-1000.0,3.4452841,-1000.0,1199144400.0
14.213147,-1000.0,-1000.0,-1000.0,1199323000.0
23.527294,-1000.0,-1000.0,-1000.0,1200047600.0
-1000.0,-1000.0,17.19834,-1000.0,1200231300.0
14.189386,-1000.0,-1000.0,-1000.0,1206187000.0
-1000.0,-1000.0,2.9765527,-1000.0,1208898400.0
14.165626,-1000.0,-1000.0,-1000.0,1209077100.0
-1000.0,-1000.0,2.9592721,-1000.0,1209259800.0
14.215307,-1000.0,-1000.0,-1000.0,1210161000.0
13.703375,-1000.0,-1000.0,-1000.0,1210522100.0
-1000.0,-1000.0,2.991673,-1000.0,1212511000.0
-1000.0,-1000.0,2.9527922,-1000.0,1212872200.0
-1000.0,-1000.0,3.4452841,-1000.0,1213233500.0
14.288749,-1000.0,-1000.0,-1000.0,1214857200.0
-1000.0,-1000.0,2.9527922,-1000.0,1215401000.0
-1000.0,-1000.0,2.9765527,-1000.0,1215762300.0
-1000.0,-1000.0,-1000.0,-1000.0,-1000.0
-1000.0,-1000.0,2.9355116,-1000.0,1216484900.0
13.737935,-1000.0,-1000.0,-1000.0,1216663400.0
-1000.0,-1000.0,2.948472,-1000.0,1216846100.0
13.714174,-1000.0,-1000.0,-1000.0,1217024800.0
-1000.0,-1000.0,2.957112,-1000.0,1217568600.0
-1000.0,-1000.0,3.4496043,-1000.0,1217930000.0
-1000.0,-1000.0,10.361773,-1000.0,1218292900.0
-1000.0,-1000.0,10.893146,-1000.0,1218654300.0
-1000.0,-1000.0,19.388634,-1000.0,1219378800.0
22.628712,-1000.0,-1000.0,-1000.0,1219555600.0
-1000.0,-1000.0,13.316725,-1000.0,1219738600.0
28.750301,-1000.0,-1000.0,-1000.0,1219918300.0
-1000.0,-1000.0,19.567917,-1000.0,1220462600.0
28.71574,-1000.0,-1000.0,-1000.0,1227505000.0
-1000.0,-1000.0,15.97359,-1000.0,1228048500.0
19.505276,-1000.0,-1000.0,-1000.0,1228225400.0
-1000.0,-1000.0,12.603908,-1000.0,1228409000.0
14.206667,-1000.0,-1000.0,-1000.0,1228585500.0
-1000.0,-1000.0,3.4647245,-1000.0,1228768100.0
-1000.0,-1000.0,2.957112,-1000.0,1229129300.0
13.6925745,-1000.0,-1000.0,-1000.0,1229307900.0
-1000.0,-1000.0,3.4733648,-1000.0,1229490700.0
14.213147,-1000.0,-1000.0,-1000.0,1229669400.0
-1000.0,-1000.0,3.4560843,-1000.0,1229852000.0
-1000.0,-1000.0,3.4690447,-1000.0,1230213200.0
14.226108,-1000.0,-1000.0,-1000.0,1230391900.0
-1000.0,-1000.0,2.9722326,-1000.0,1230574500.0
-1000.0,-1000.0,3.4604044,-1000.0,1231658400.0
14.239067,-1000.0,-1000.0,-1000.0,1231836900.0
-1000.0,-1000.0,3.484165,-1000.0,1232380800.0
-1000.0,-1000.0,3.4647245,-1000.0,1233464600.0
14.232587,-1000.0,-1000.0,-1000.0,1233643300.0
-1000.0,-1000.0,3.4604044,-1000.0,1233825900.0
-1000.0,-1000.0,12.817753,-1000.0,1234189300.0
-1000.0,-1000.0,21.963415,-1000.0,1234552700.0
34.51116,-1000.0,-1000.0,-1000.0,1234731800.0
-1000.0,-1000.0,13.316725,-1000.0,1239608600.0
26.938017,-1000.0,-1000.0,-1000.0,1239787800.0
-1000.0,-1000.0,12.835033,-1000.0,1239969700.0
20.617702,-1000.0,-1000.0,-1000.0,1240508800.0
-1000.0,-1000.0,11.601644,-1000.0,1241053200.0
13.718494,-1000.0,-1000.0,-1000.0,1241591000.0
13.716334,-1000.0,-1000.0,-1000.0,1242313600.0
22.483988,-1000.0,-1000.0,-1000.0,1247734800.0
31.448208,-1000.0,-1000.0,-1000.0,1248459400.0
-1000.0,-1000.0,29.772007,-1000.0,1249366700.0
-1000.0,-1000.0,25.998394,-1000.0,1249727100.0
35.23046,-1000.0,-1000.0,-1000.0,1249905400.0
-1000.0,-1000.0,2.957112,-1000.0,1258031100.0
-1000.0,-1000.0,3.488485,-1000.0,1259115100.0
13.727135,-1000.0,-1000.0,-1000.0,1259654900.0
14.189386,-1000.0,-1000.0,-1000.0,1260377600.0
14.221787,-1000.0,-1000.0,-1000.0,1260739000.0
-1000.0,-1000.0,10.25593,-1000.0,1262004400.0
-1000.0,-1000.0,2.9851928,-1000.0,1263450400.0
14.204507,-1000.0,-1000.0,-1000.0,1265074300.0
-1000.0,-1000.0,2.9527922,-1000.0,1265256800.0
14.204507,-1000.0,-1000.0,-1000.0,1265796900.0
14.213147,-1000.0,-1000.0,-1000.0,1266519400.0
13.7508955,-1000.0,-1000.0,-1000.0,1268325800.0
-1000.0,-1000.0,26.909937,-1000.0,1269959000.0
-1000.0,-1000.0,33.26913,-1000.0,1270321800.0
39.76225,-1000.0,-1000.0,-1000.0,1270860700.0
-1000.0,-1000.0,32.018463,-1000.0,1271766500.0
14.226108,-1000.0,-1000.0,-1000.0,1271938600.0
-1000.0,-1000.0,34.4118,-1000.0,1272128400.0
-1000.0,-1000.0,36.58697,-1000.0,1272851500.0
-1000.0,-1000.0,35.24774,-1000.0,1273573600.0
-1000.0,-1000.0,35.22398,-1000.0,1275018600.0
-1000.0,-1000.0,36.319126,-1000.0,1275380200.0
42.773365,-1000.0,-1000.0,-1000.0,1275557800.0
-1000.0,-1000.0,32.41807,-1000.0,1276824300.0
-1000.0,-1000.0,34.316757,-1000.0,1278270000.0
13.709854,-1000.0,-1000.0,-1000.0,1278441300.0
-1000.0,-1000.0,37.779324,-1000.0,1278632100.0
-1000.0,-1000.0,38.537502,-1000.0,1279354900.0
47.16907,-1000.0,-1000.0,-1000.0,1279532900.0
-1000.0,-1000.0,43.05849,-1000.0,1281523600.0
57.859173,-1000.0,-1000.0,-1000.0,1282425700.0
54.238922,-1000.0,-1000.0,-1000.0,1282786200.0
-1000.0,-1000.0,44.816772,-1000.0,1283691600.0
-1000.0,-1000.0,49.767616,-1000.0,1284054100.0
56.271534,-1000.0,-1000.0,-1000.0,1284593000.0
55.42911,-1000.0,-1000.0,-1000.0,1285676700.0
57.41852,-1000.0,-1000.0,-1000.0,1286399700.0
-1000.0,-1000.0,45.09758,-1000.0,1286581900.0
55.77256,-1000.0,-1000.0,-1000.0,1286760600.0
57.142033,-1000.0,-1000.0,-1000.0,1287483500.0
58.768555,-1000.0,-1000.0,-1000.0,1287845200.0
59.02992,-1000.0,-1000.0,-1000.0,1288567800.0
63.159943,-1000.0,-1000.0,-1000.0,1289291300.0
59.373367,-1000.0,-1000.0,-1000.0,1289651700.0
-1000.0,-1000.0,50.81956,-1000.0,1289834900.0
62.866173,-1000.0,-1000.0,-1000.0,1290736400.0
-1000.0,-1000.0,-1000.0,-1000.0,-1000.0
59.78594,-1000.0,-1000.0,-1000.0,1291458200.0
-1000.0,-1000.0,51.23645,-1000.0,1291641300.0
63.94188,-1000.0,-1000.0,-1000.0,1292181800.0
-1000.0,-1000.0,55.478794,-1000.0,1293087500.0
-1000.0,-1000.0,51.337975,-1000.0,1293447800.0
61.717026,-1000.0,-1000.0,-1000.0,1296155300.0
66.24234,-1000.0,-1000.0,-1000.0,1296878800.0
69.074165,-1000.0,-1000.0,-1000.0,1299047200.0
68.29223,-1000.0,-1000.0,-1000.0,1300130700.0
58.55903,-1000.0,-1000.0,-1000.0,1300489700.0
-1000.0,-1000.0,49.96418,-1000.0,1300672900.0
61.43406,-1000.0,-1000.0,-1000.0,1300851700.0
59.9177,-1000.0,-1000.0,-1000.0,1301573900.0
61.159733,-1000.0,-1000.0,-1000.0,1301935500.0
65.553276,-1000.0,-1000.0,-1000.0,1302297900.0
-1000.0,-1000.0,59.850742,-1000.0,1302481700.0
68.484474,-1000.0,-1000.0,-1000.0,1302659800.0
-1000.0,-1000.0,57.643166,-1000.0,1302842500.0
73.68804,-1000.0,-1000.0,-1000.0,1303383600.0
-1000.0,-1000.0,57.80085,-1000.0,1303565000.0
65.57056,-1000.0,-1000.0,-1000.0,1303743000.0
65.4928,-1000.0,-1000.0,-1000.0,1304104200.0
-1000.0,-1000.0,52.629684,-1000.0,1304286300.0
68.83656,-1000.0,-1000.0,-1000.0,1304466300.0
-1000.0,-1000.0,56.083607,-1000.0,1304648400.0
-1000.0,-1000.0,58.381905,-1000.0,1305371500.0
71.03765,-1000.0,-1000.0,-1000.0,1306273200.0
72.34448,-1000.0,-1000.0,-1000.0,1306996000.0
-1000.0,-1000.0,62.514084,-1000.0,1307178800.0
72.666336,-1000.0,-1000.0,-1000.0,1307718500.0
-1000.0,-1000.0,66.196976,-1000.0,1308263600.0
-1000.0,-1000.0,72.15872,-1000.0,1308626200.0
-1000.0,-1000.0,70.141235,-1000.0,1308987000.0
81.60679,-1000.0,-1000.0,-1000.0,1309165800.0
78.364555,-1000.0,-1000.0,-1000.0,1320365000.0
-1000.0,-1000.0,68.49527,-1000.0,1320548000.0
77.958466,-1000.0,-1000.0,-1000.0,1320726300.0
-1000.0,-1000.0,68.86896,-1000.0,1321270700.0
-1000.0,-1000.0,68.95536,-1000.0,1321632000.0
-1000.0,-1000.0,67.823494,-1000.0,1321993000.0
77.30396,-1000.0,-1000.0,-1000.0,1323255300.0
-1000.0,-1000.0,70.03539,-1000.0,1324161300.0
-1000.0,-1000.0,74.04229,-1000.0,1324884900.0
-1000.0,-1000.0,75.25623,-1000.0,1325246300.0
-1000.0,-1000.0,74.18269,-1000.0,1325607400.0
-1000.0,-1000.0,80.08827,-1000.0,1327415300.0
-1000.0,-1000.0,76.99724,-1000.0,1327775900.0
92.54098,-1000.0,-1000.0,-1000.0,1329400700.0
-1000.0,-1000.0,81.686714,-1000.0,1329583400.0
-1000.0,-1000.0,85.80161,-1000.0,1330307000.0
98.072876,-1000.0,-1000.0,-1000.0,1331208400.0
-1000.0,-1000.0,87.81262,-1000.0,1332113800.0
99.45315,-1000.0,-1000.0,-1000.0,1332292700.0
100.38413,-1000.0,-1000.0,-1000.0,1332654200.0
99.51795,-1000.0,-1000.0,-1000.0,1333015300.0
-1000.0,-1000.0,89.82363,-1000.0,1333559400.0
-1000.0,-1000.0,90.06772,-1000.0,1334282100.0
-1000.0,-1000.0,89.499626,-1000.0,1334643300.0
100.09684,-1000.0,-1000.0,-1000.0,1335183200.0
-1000.0,-1000.0,91.87352,-1000.0,1337172900.0
-1000.0,-1000.0,-1000.0,-1000.0,-1000.0
101.71904,-1000.0,-1000.0,-1000.0,1338073900.0
102.572266,-1000.0,-1000.0,-1000.0,1340603000.0
-1000.0,-1000.0,94.54551,-1000.0,1341509000.0
-1000.0,-1000.0,96.562996,-1000.0,1341870700.0
102.58522,-1000.0,-1000.0,-1000.0,1342409500.0
102.58306,-1000.0,-1000.0,-1000.0,1342770800.0
-1000.0,-1000.0,96.0705,-1000.0,1343315700.0
102.6025,-1000.0,-1000.0,-1000.0,1343493400.0
102.67595,-1000.0,-1000.0,-1000.0,1344577200.0
-1000.0,-1000.0,95.89338,-1000.0,1344760700.0
-1000.0,-1000.0,94.91488,-1000.0,1345483000.0
104.35647,-1000.0,-1000.0,-1000.0,1345661300.0
-1000.0,7.711388,-1000.0,-1000.0,1346725900.0
-1000.0,-1000.0,99.70587,-1000.0,1347651800.0
-1000.0,-1000.0,99.72099,-1000.0,1348013000.0
103.92661,-1000.0,-1000.0,-1000.0,1348190200.0
-1000.0,-1000.0,101.6672,-1000.0,1349458800.0
-1000.0,-1000.0,100.472694,-1000.0,1350181000.0
-1000.0,-1000.0,103.73869,-1000.0,1350904300.0
108.918495,-1000.0,-1000.0,-1000.0,1352165600.0
13.694735,-1000.0,-1000.0,-1000.0,1353950000.0
0.0,-1000.0,-1000.0,-1000.0,0.0
14.191546,-1000.0,-1000.0,-1000.0,1393691100.0
0.0,-1000.0,-1000.0,-1000.0,0.0
-1000.0,-1000.0,-1000.0,-1000.0,-1000.0
-1000.0,-1000.0,3.073755,-1000.0,1684353900.0
0.0,-1000.0,-1000.0,-1000.0,0.0
9.275267,-1000.0,-1000.0,-1000.0,1712329000.0
0.0,-1000.0,-1000.0,-1000.0,0.0
-1000.0,-1000.0,3.4215236,-1000.0,1737328100.0
-1000.0,7.918753,-1000.0,-1000.0,1744190500.0
-1000.0,7.344179,-1000.0,-1000.0,1745553300.0
8.750374,-1000.0,-1000.0,-1000.0,1779372400.0
-1000.0,7.4478617,-1000.0,-1000.0,1782832900.0
-1000.0,7.570985,-1000.0,-1000.0,1796738600.0
-1000.0,7.570985,-1000.0,-1000.0,1797584800.0
-1000.0,-1000.0,3.5057654,-1000.0,1800373200.0
7.095773,-1000.0,-1000.0,-1000.0,1810477200.0
11.448279,-1000.0,-1000.0,-1000.0,1818415500.0
-1000.0,-1000.0,3.0780752,-1000.0,1844079100.0
7.6120257,-1000.0,-1000.0,-1000.0,1857265200.0
-1000.0,7.575305,-1000.0,-1000.0,1858461600.0
7.6098657,-1000.0,-1000.0,-1000.0,1904780300.0
8.1217985,-1000.0,-1000.0,-1000.0,1925736300.0
8.046196,-1000.0,-1000.0,-1000.0,2012468000.0
0.0,-1000.0,-1000.0,-1000.0,0.0
0.0,-1000.0,-1000.0,-1000.0,0.0
-1000.0,-1000.0,7.005051,-1000.0,2027848300.0
-1000.0,14.474513,-1000.0,-1000.0,2048492500.0
0.0,-1000.0,-1000.0,-1000.0,0.0
-1000.0,-1000.0,-1000.0,3.7001703,2075407900.0
0.0,-1000.0,-1000.0,-1000.0,0.0
-1000.0,-1000.0,3.3848026,-1000.0,2122280400.0
13.653693,-1000.0,-1000.0,-1000.0,2122820200.0
-1000.0,-1000.0,2.9765527,-1000.0,2123002900.0
-1000.0,-1000.0,2.957112,-1000.0,2124809200.0
-1000.0,-1000.0,2.9635923,-1000.0,2125170400.0
14.191546,-1000.0,-1000.0,-1000.0,2125349100.0
-1000.0,-1000.0,2.9635923,-1000.0,2125892900.0
-1000.0,-1000.0,2.9722326,-1000.0,2126615400.0
13.718494,-1000.0,-1000.0,-1000.0,2126794000.0
-1000.0,-1000.0,3.477685,-1000.0,2127699300.0
13.729295,-1000.0,-1000.0,-1000.0,2127877800.0
-1000.0,-1000.0,2.9592721,-1000.0,2128060400.0
-1000.0,-1000.0,3.4647245,-1000.0,2128421800.0
-1000.0,-1000.0,3.4647245,-1000.0,2128783100.0
13.701215,-1000.0,-1000.0,-1000.0,2128961500.0
-1000.0,-1000.0,2.9722326,-1000.0,2129144200.0
14.185066,-1000.0,-1000.0,-1000.0,2130045400.0
-1000.0,-1000.0,3.4560843,-1000.0,2130228100.0
14.198027,-1000.0,-1000.0,-1000.0,2130768000.0
14.187226,-1000.0,-1000.0,-1000.0,2131129200.0
7.3614597,-1000.0,-1000.0,-1000.0,2132396500.0
-1000.0,-1000.0,2.9679124,-1000.0,2137814300.0
-1000.0,-1000.0,2.9722326,-1000.0,2138175600.0
-1000.0,-1000.0,3.4560843,-1000.0,2138898200.0
13.748735,-1000.0,-1000.0,-1000.0,2139076600.0
13.763856,-1000.0,-1000.0,-1000.0,2140882800.0
13.264884,-1000.0,-1000.0,-1000.0,2141429100.0
7.4673023,-1000.0,-1000.0,-1000.0,2180042200.0
-1000.0,-1000.0,-1000.0,-1000.0,-1000.0
0.0,-1000.0,-1000.0,-1000.0,0.0
0.0,-1000.0,-1000.0,-1000.0,0.0
-1000.0,-1000.0,-1000.0,-1000.0,-1000.0
-1000.0,-1000.0,-1000.0,-1000.0,-1000.0
-1000.0,-1000.0,-1000.0,-1000.0,-1000.0
-1000.0,-1000.0,-1000.0,-1000.0,-1000.0
0.0,-1000.0,-1000.0,-1000.0,0.0
-1000.0,-1000.0,-1000.0,-1000.0,-1000.0
-1000.0,-1000.0,-1000.0,-1000.0,-1000.0
-1000.0,-1000.0,88.83433,-1000.0,2311247400.0
-1000.0,-1000.0,-1000.0,-1000.0,-1000.0
-1000.0,-1000.0,88.51032,-1000.0,2314498800.0
119.5438,-1000.0,-1000.0,-1000.0,2315043300.0
-1000.0,-1000.0,88.50816,-1000.0,2315221200.0
-1000.0,-1000.0,88.47576,-1000.0,2315582500.0
-1000.0,-1000.0,88.4736,-1000.0,2315943700.0
-1000.0,-1000.0,-1000.0,-1000.0,-1000.0
119.7166,-1000.0,-1000.0,-1000.0,2317211000.0
-1000.0,-1000.0,88.525444,-1000.0,2319917800.0
-1000.0,-1000.0,88.417435,-1000.0,2321001500.0
-1000.0,-1000.0,-1000.0,-1000.0,-1000.0
119.7598,-1000.0,-1000.0,-1000.0,2322630100.0
124.87265,-1000.0,-1000.0,-1000.0,2323353900.0
-1000.0,-1000.0,88.4952,-1000.0,2323530500.0
127.47551,-1000.0,-1000.0,-1000.0,2323715800.0
-1000.0,-1000.0,88.56432,-1000.0,2323892000.0
-1000.0,-1000.0,-1000.0,-1000.0,-1000.0
-1000.0,-1000.0,88.73929,-1000.0,2326059500.0
125.85547,-1000.0,-1000.0,-1000.0,2326244400.0
-1000.0,-1000.0,88.506,-1000.0,2327504600.0
120.19614,-1000.0,-1000.0,-1000.0,2328771800.0
-1000.0,-1000.0,88.68096,-1000.0,2328949800.0
-1000.0,-1000.0,-1000.0,-1000.0,-1000.0
0.0,-1000.0,-1000.0,-1000.0,0.0
-1000.0,-1000.0,-1000.0,-1000.0,-1000.0
-1000.0,-1000.0,-1000.0,-1000.0,-1000.0
0.0,-1000.0,-1000.0,-1000.0,0.0
0.0,-1000.0,-1000.0,-1000.0,0.0
-1000.0,-1000.0,-1000.0,-1000.0,-1000.0
-1000.0,-1000.0,-1000.0,-1000.0,-1000.0
-1000.0,-1000.0,-1000.0,-1000.0,-1000.0
-1000.0,13.893459,-1000.0,-1000.0,2478767900.0
-1000.0,-1000.0,-1000.0,3.728251,2489067000.0
-1000.0,-1000.0,-1000.0,3.7239308,2489428500.0
-1000.0,-1000.0,-1000.0,3.201198,2490873300.0
-1000.0,13.9129,-1000.0,-1000.0,2492136000.0
-1000.0,13.90858,-1000.0,-1000.0,2493219800.0
-1000.0,13.90426,-1000.0,-1000.0,2493942300.0
-1000.0,-1000.0,-1000.0,3.7088106,2495209000.0
-1000.0,-1000.0,-1000.0,3.201198,2495931400.0
-1000.0,-1000.0,-1000.0,3.201198,2498821600.0
-1000.0,-1000.0,-1000.0,3.2055182,2499905500.0
-1000.0,-1000.0,-1000.0,3.2055182,2501350700.0
-1000.0,-1000.0,-1000.0,3.237919,2501712100.0
-1000.0,-1000.0,-1000.0,-1000.0,-1000.0
-1000.0,13.93882,-1000.0,-1000.0,2510561000.0
-1000.0,13.94746,-1000.0,-1000.0,2510922500.0
-1000.0,-1000.0,-1000.0,-1000.0,-1000.0
-1000.0,-1000.0,-1000.0,-1000.0,-1000.0
-1000.0,-1000.0,-1000.0,-1000.0,-1000.0
-1000.0,-1000.0,-1000.0,3.2163186,2522665200.0
0.0,-1000.0,-1000.0,-1000.0,0.0
-1000.0,-1000.0,-1000.0,3.201198,2524110300.0
-1000.0,14.36651,-1000.0,-1000.0,2524650200.0
-1000.0,-1000.0,-1000.0,3.2055182,2525194000.0
-1000.0,13.999302,-1000.0,-1000.0,2525372700.0
-1000.0,-1000.0,-1000.0,3.2249587,2525555200.0
-1000.0,-1000.0,-1000.0,3.188238,2526277600.0
-1000.0,13.969061,-1000.0,-1000.0,2527178800.0
-1000.0,-1000.0,-1000.0,3.2163186,2527361500.0
-1000.0,-1000.0,-1000.0,-1000.0,-1000.0
-1000.0,-1000.0,-1000.0,-1000.0,-1000.0
-1000.0,-1000.0,-1000.0,3.2055182,2528445200.0
-1000.0,-1000.0,-1000.0,3.7174506,2528806700.0
-1000.0,-1000.0,-1000.0,3.2055182,2529529000.0
-1000.0,13.986341,-1000.0,-1000.0,2529707800.0
-1000.0,13.988502,-1000.0,-1000.0,2530069000.0
-1000.0,-1000.0,-1000.0,-1000.0,-1000.0
-1000.0,-1000.0,-1000.0,-1000.0,-1000.0
-1000.0,13.975541,-1000.0,-1000.0,2531153000.0
-1000.0,-1000.0,-1000.0,3.201198,2533141800.0
-1000.0,13.964741,-1000.0,-1000.0,2533681700.0
-1000.0,13.9453,-1000.0,-1000.0,2535849500.0
-1000.0,-1000.0,-1000.0,3.7239308,2536754700.0
-1000.0,14.422672,-1000.0,-1000.0,2536933400.0
-1000.0,13.9453,-1000.0,-1000.0,2538017300.0
-1000.0,14.496114,-1000.0,-1000.0,2539101200.0
-1000.0,-1000.0,-1000.0,3.2163186,2539283700.0
-1000.0,13.988502,-1000.0,-1000.0,2539823600.0
-1000.0,14.003622,-1000.0,-1000.0,2540184800.0
-1000.0,13.986341,-1000.0,-1000.0,2540907500.0
-1000.0,14.32763,-1000.0,-1000.0,2541630200.0
-1000.0,14.509074,-1000.0,-1000.0,2542714400.0
-1000.0,-1000.0,-1000.0,3.2098384,2542897000.0
-1000.0,-1000.0,-1000.0,3.2249587,2543258000.0
-1000.0,-1000.0,-1000.0,3.7131307,2547955200.0
-1000.0,14.444272,-1000.0,-1000.0,2548134000.0
0.0,-1000.0,-1000.0,-1000.0,0.0
-1000.0,14.457232,-1000.0,-1000.0,2561140200.0
-1000.0,13.969061,-1000.0,-1000.0,2561862400.0
-1000.0,-1000.0,-1000.0,3.196878,2562045200.0
13.714174,-1000.0,-1000.0,-1000.0,2567191000.0
14.210987,-1000.0,-1000.0,-1000.0,2567913700.0
-1000.0,-1000.0,-1000.0,3.7044904,2569270500.0
-1000.0,-1000.0,-1000.0,3.2292788,2569631700.0
-1000.0,-1000.0,-1000.0,3.2422392,2576495600.0
-1000.0,-1000.0,-1000.0,3.7088106,2576857000.0
-1000.0,-1000.0,-1000.0,3.7088106,2577218300.0
-1000.0,-1000.0,-1000.0,3.7325711,2577579500.0
-1000.0,14.498274,-1000.0,-1000.0,2578119400.0
-1000.0,-1000.0,-1000.0,3.7196107,2578302200.0
-1000.0,14.485313,-1000.0,-1000.0,2578480600.0
-1000.0,-1000.0,-1000.0,11.482841,2578665200.0
-1000.0,-1000.0,-1000.0,3.7131307,2579024600.0
-1000.0,14.483153,-1000.0,-1000.0,2579203300.0
-1000.0,-1000.0,-1000.0,3.201198,2579385900.0
-1000.0,-1000.0,-1000.0,3.7131307,2580108500.0
-1000.0,14.461553,-1000.0,-1000.0,2580287200.0
-1000.0,-1000.0,-1000.0,3.7196107,2580469800.0
-1000.0,19.63488,-1000.0,-1000.0,2580649700.0
-1000.0,-1000.0,-1000.0,3.7325711,2581192400.0
-1000.0,-1000.0,-1000.0,3.7174506,2581553700.0
-1000.0,-1000.0,-1000.0,10.519457,2581916400.0
-1000.0,14.444272,-1000.0,-1000.0,2582093600.0
-1000.0,-1000.0,-1000.0,3.7325711,2582276000.0
-1000.0,-1000.0,-1000.0,8.260041,2582638600.0
-1000.0,-1000.0,-1000.0,3.7174506,2582998800.0
-1000.0,18.744938,-1000.0,-1000.0,2583178500.0
-1000.0,-1000.0,-1000.0,3.728251,2583360000.0
-1000.0,14.457232,-1000.0,-1000.0,2583538700.0
-1000.0,-1000.0,-1000.0,9.169424,2583722500.0
-1000.0,-1000.0,-1000.0,10.309932,2584084200.0
-1000.0,-1000.0,-1000.0,7.78051,2584445000.0
-1000.0,14.502594,-1000.0,-1000.0,2584622600.0
-1000.0,14.491794,-1000.0,-1000.0,2584983800.0
-1000.0,14.513394,-1000.0,-1000.0,2585345000.0
-1000.0,-1000.0,-1000.0,3.2249587,2586250200.0
-1000.0,14.524195,-1000.0,-1000.0,2586429000.0
-1000.0,-1000.0,-1000.0,11.46556,2586613200.0
-1000.0,-1000.0,-1000.0,3.728251,2586973000.0
-1000.0,14.522035,-1000.0,-1000.0,2587151400.0
-1000.0,-1000.0,-1000.0,9.171584,2587335400.0
-1000.0,14.513394,-1000.0,-1000.0,2587512600.0
-1000.0,-1000.0,-1000.0,9.234225,2587696600.0
-1000.0,-1000.0,-1000.0,3.7174506,2588056600.0
-1000.0,14.509074,-1000.0,-1000.0,2588235300.0
-1000.0,-1000.0,-1000.0,3.7131307,2588417800.0
-1000.0,18.807579,-1000.0,-1000.0,2588597500.0
-1000.0,21.043234,-1000.0,-1000.0,2588959200.0
-1000.0,-1000.0,-1000.0,9.003099,2589141800.0
-1000.0,13.969061,-1000.0,-1000.0,2589319000.0
-1000.0,-1000.0,-1000.0,10.7441025,2589503500.0
-1000.0,23.672018,-1000.0,-1000.0,2589682700.0
-1000.0,20.609062,-1000.0,-1000.0,2590043100.0
-1000.0,-1000.0,-1000.0,9.225585,2590225700.0
-1000.0,19.848724,-1000.0,-1000.0,2590404400.0
-1000.0,-1000.0,-1000.0,13.204402,2590588000.0
-1000.0,-1000.0,-1000.0,10.973068,2590948900.0
-1000.0,13.893459,-1000.0,-1000.0,2591125500.0
-1000.0,-1000.0,-1000.0,3.728251,2591308300.0
-1000.0,18.593733,-1000.0,-1000.0,2591488000.0
-1000.0,-1000.0,-1000.0,9.402709,2592032300.0
-1000.0,-1000.0,-1000.0,3.7174506,2592392200.0
-1000.0,-1000.0,-1000.0,12.979756,2593117000.0
-1000.0,14.34059,-1000.0,-1000.0,2593293600.0
-1000.0,-1000.0,-1000.0,3.7088106,2593476000.0
-1000.0,14.36651,-1000.0,-1000.0,2593654800.0
0.0,-1000.0,-1000.0,-1000.0,0.0
-1000.0,-1000.0,-1000.0,11.644844,2594561800.0
-1000.0,20.161932,-1000.0,-1000.0,2594740000.0
-1000.0,-1000.0,-1000.0,-1000.0,-1000.0
-1000.0,14.478833,-1000.0,-1000.0,2595461000.0
-1000.0,-1000.0,-1000.0,15.733824,2595646700.0
-1000.0,-1000.0,-1000.0,10.720342,2596007000.0
-1000.0,-1000.0,-1000.0,11.983973,2596368400.0
-1000.0,-1000.0,-1000.0,12.418143,2596729900.0
-1000.0,-1000.0,-1000.0,13.675294,2597091300.0
-1000.0,-1000.0,-1000.0,13.675294,2597452500.0
-1000.0,19.868164,-1000.0,-1000.0,2597630200.0
-1000.0,-1000.0,-1000.0,11.610283,2597813500.0
-1000.0,14.554435,-1000.0,-1000.0,2597990400.0
-1000.0,-1000.0,-1000.0,3.7131307,2598173000.0
-1000.0,21.464443,-1000.0,-1000.0,2598353200.0
-1000.0,-1000.0,-1000.0,8.4458065,2599257900.0
-1000.0,-1000.0,-1000.0,3.7239308,2599618000.0
-1000.0,-1000.0,-1000.0,3.7174506,2600340700.0
-1000.0,-1000.0,-1000.0,-1000.0,-1000.0
-1000.0,-1000.0,-1000.0,9.178064,2600703200.0
-1000.0,-1000.0,-1000.0,3.7088106,2601424400.0
-1000.0,14.478833,-1000.0,-1000.0,2601603000.0
-1000.0,-1000.0,-1000.0,3.7174506,2602147000.0
-1000.0,14.450752,-1000.0,-1000.0,2602325800.0
-1000.0,-1000.0,-1000.0,8.584049,2602509600.0
-1000.0,-1000.0,-1000.0,13.733615,2602871800.0
-1000.0,14.459393,-1000.0,-1000.0,2603048200.0
-1000.0,-1000.0,-1000.0,10.169528,2603232500.0
-1000.0,21.889975,-1000.0,-1000.0,2603411200.0
-1000.0,-1000.0,-1000.0,3.7131307,2603592200.0
-1000.0,20.630663,-1000.0,-1000.0,2604133600.0
-1000.0,-1000.0,-1000.0,3.7131307,2604315000.0
-1000.0,-1000.0,-1000.0,11.45908,2605039000.0
-1000.0,14.485313,-1000.0,-1000.0,2605216000.0
-1000.0,-1000.0,-1000.0,3.7239308,2605398500.0
-1000.0,22.734554,-1000.0,-1000.0,2605579000.0
-1000.0,-1000.0,-1000.0,3.7174506,2606121200.0
-1000.0,21.982857,-1000.0,-1000.0,2606301400.0
-1000.0,-1000.0,-1000.0,3.7088106,2606482400.0
-1000.0,-1000.0,-1000.0,3.7325711,2606843600.0
-1000.0,-1000.0,-1000.0,13.575932,2607568400.0
-1000.0,-1000.0,-1000.0,15.327734,2607930000.0
-1000.0,-1000.0,-1000.0,12.409503,2608290800.0
-1000.0,-1000.0,-1000.0,12.688149,2608652000.0
-1000.0,-1000.0,-1000.0,-1000.0,-1000.0
-1000.0,14.491794,-1000.0,-1000.0,2609551000.0
-1000.0,-1000.0,-1000.0,-1000.0,-1000.0
-1000.0,-1000.0,-1000.0,12.815593,2611542000.0
-1000.0,-1000.0,-1000.0,17.446745,2622019300.0
-1000.0,-1000.0,-1000.0,17.19834,2622741800.0
-1000.0,24.713163,-1000.0,-1000.0,2622919700.0
-1000.0,-1000.0,-1000.0,-1000.0,-1000.0
-1000.0,-1000.0,-1000.0,14.8417225,2624186400.0
-1000.0,-1000.0,-1000.0,15.062048,2625270000.0
-1000.0,-1000.0,-1000.0,11.158833,2625630500.0
-1000.0,-1000.0,-1000.0,3.7239308,2625990000.0
-1000.0,-1000.0,-1000.0,12.729191,2626353200.0
-1000.0,-1000.0,-1000.0,15.116049,2626715100.0
-1000.0,-1000.0,-1000.0,10.320732,2627075000.0
-1000.0,23.36313,-1000.0,-1000.0,2627254300.0
-1000.0,-1000.0,-1000.0,11.351077,2627798000.0
-1000.0,-1000.0,-1000.0,13.558651,2628159700.0
-1000.0,13.95394,-1000.0,-1000.0,2628335900.0
-1000.0,-1000.0,-1000.0,3.7131307,2628518700.0
-1000.0,23.317768,-1000.0,-1000.0,2629782800.0
-1000.0,13.960421,-1000.0,-1000.0,2630142000.0
-1000.0,-1000.0,-1000.0,3.7088106,2630324700.0
-1000.0,14.446432,-1000.0,-1000.0,2630864600.0
-1000.0,-1000.0,-1000.0,12.275579,2631049200.0
-1000.0,-1000.0,-1000.0,11.307876,2631410200.0
-1000.0,-1000.0,-1000.0,3.7131307,2631769600.0
-1000.0,14.424832,-1000.0,-1000.0,2631948300.0
-1000.0,-1000.0,-1000.0,3.2055182,2632130800.0
-1000.0,-1000.0,-1000.0,3.7239308,2633937200.0
-1000.0,14.480993,-1000.0,-1000.0,2634115600.0
-1000.0,21.108036,-1000.0,-1000.0,2634839600.0
-1000.0,-1000.0,-1000.0,12.249659,2635022600.0
-1000.0,-1000.0,-1000.0,-1000.0,-1000.0
-1000.0,-1000.0,-1000.0,17.410025,2635746300.0
-1000.0,14.498274,-1000.0,-1000.0,2635921700.0
-1000.0,-1000.0,-1000.0,12.9257555,2636106500.0
-1000.0,23.255127,-1000.0,-1000.0,2636285000.0
-1000.0,21.801413,-1000.0,-1000.0,2636646000.0
-1000.0,-1000.0,-1000.0,11.109151,2636828700.0
-1000.0,14.489634,-1000.0,-1000.0,2637005600.0
-1000.0,-1000.0,-1000.0,15.897988,2637191000.0
-1000.0,20.799147,-1000.0,-1000.0,2638090500.0
-1000.0,-1000.0,-1000.0,15.900148,2638635800.0
-1000.0,14.455072,-1000.0,-1000.0,2639172900.0
-1000.0,-1000.0,-1000.0,13.089919,2639718700.0
-1000.0,-1000.0,-1000.0,13.9345,2640441300.0
-1000.0,13.94962,-1000.0,-1000.0,2641340000.0
-1000.0,-1000.0,-1000.0,3.7131307,2641522700.0
-1000.0,-1000.0,-1000.0,3.7131307,2641884000.0
-1000.0,-1000.0,-1000.0,13.429048,2642247400.0
-1000.0,22.341425,-1000.0,-1000.0,2642425600.0
-1000.0,-1000.0,-1000.0,18.170362,2642610000.0
-1000.0,22.56607,-1000.0,-1000.0,2643148300.0
-1000.0,-1000.0,-1000.0,16.952093,2643332000.0
-1000.0,-1000.0,-1000.0,15.124689,2644054000.0
-1000.0,-1000.0,-1000.0,11.88029,2644414700.0
-1000.0,25.166775,-1000.0,-1000.0,2644594000.0
-1000.0,-1000.0,-1000.0,13.375047,2645137400.0
-1000.0,22.10598,-1000.0,-1000.0,2645315600.0
-1000.0,21.75173,-1000.0,-1000.0,2646038000.0
-1000.0,-1000.0,-1000.0,10.785143,2646220500.0
-1000.0,23.74762,-1000.0,-1000.0,2646399700.0
-1000.0,-1000.0,-1000.0,15.761905,2646583000.0
-1000.0,22.9808,-1000.0,-1000.0,2647122200.0
-1000.0,-1000.0,-1000.0,3.7131307,2647303000.0
-1000.0,-1000.0,-1000.0,3.7239308,2648025300.0
-1000.0,-1000.0,-1000.0,3.7174506,2648386600.0
-1000.0,-1000.0,-1000.0,11.772287,2649111000.0
-1000.0,-1000.0,-1000.0,14.409712,2649472800.0
-1000.0,-1000.0,-1000.0,12.409503,2649833500.0
-1000.0,-1000.0,-1000.0,3.7088106,2650193000.0
-1000.0,-1000.0,-1000.0,12.249659,2650917400.0
-1000.0,-1000.0,-1000.0,18.148764,2651280000.0
-1000.0,14.420512,-1000.0,-1000.0,2651816400.0
-1000.0,23.674177,-1000.0,-1000.0,2652541200.0
-1000.0,-1000.0,-1000.0,-1000.0,-1000.0
-1000.0,-1000.0,-1000.0,11.757167,2653807000.0
-1000.0,14.0165825,-1000.0,-1000.0,2653983700.0
-1000.0,-1000.0,-1000.0,15.370935,2654169300.0
-1000.0,-1000.0,-1000.0,13.342646,2654530000.0
-1000.0,21.455803,-1000.0,-1000.0,2654708000.0
-1000.0,-1000.0,-1000.0,12.310141,2654891000.0
-1000.0,14.528515,-1000.0,-1000.0,2655428900.0
-1000.0,-1000.0,-1000.0,11.703166,2655613400.0
-1000.0,14.012262,-1000.0,-1000.0,2655789800.0
-1000.0,-1000.0,-1000.0,3.2055182,2656333800.0
-1000.0,-1000.0,-1000.0,3.201198,2656695000.0
-1000.0,14.4874735,-1000.0,-1000.0,2656873700.0
-1000.0,22.56175,-1000.0,-1000.0,2657237000.0
-1000.0,-1000.0,-1000.0,3.7131307,2657417700.0
-1000.0,-1000.0,-1000.0,12.806952,2657781000.0
-1000.0,-1000.0,-1000.0,-1000.0,-1000.0
-1000.0,14.437793,-1000.0,-1000.0,2658318800.0
-1000.0,-1000.0,-1000.0,3.7131307,2658501400.0
-1000.0,13.9345,-1000.0,-1000.0,2658679800.0
-1000.0,22.002296,-1000.0,-1000.0,2659043000.0
-1000.0,-1000.0,-1000.0,11.292755,2659225600.0
-1000.0,13.93882,-1000.0,-1000.0,2659402500.0
-1000.0,-1000.0,-1000.0,12.433264,2659948500.0
-1000.0,14.422672,-1000.0,-1000.0,2660125000.0
-1000.0,-1000.0,-1000.0,11.05083,2660309200.0
-1000.0,23.047762,-1000.0,-1000.0,2660488200.0
-1000.0,-1000.0,-1000.0,10.919066,2661032000.0
-1000.0,13.93882,-1000.0,-1000.0,2661208600.0
-1000.0,-1000.0,-1000.0,10.458975,2661393000.0
-1000.0,-1000.0,-1000.0,12.418143,2661754600.0
-1000.0,-1000.0,-1000.0,11.027069,2662115600.0
-1000.0,-1000.0,-1000.0,3.7239308,2662836200.0
-1000.0,13.986341,-1000.0,-1000.0,2663014700.0
-1000.0,-1000.0,-1000.0,3.7088106,2663197400.0
-1000.0,-1000.0,-1000.0,3.7196107,2663558700.0
-1000.0,13.95178,-1000.0,-1000.0,2663737300.0
-1000.0,-1000.0,-1000.0,3.7174506,2663919900.0
-1000.0,13.92802,-1000.0,-1000.0,2664459800.0
-1000.0,-1000.0,-1000.0,3.7196107,2664642600.0
-1000.0,-1000.0,-1000.0,3.7131307,2665365000.0
-1000.0,14.455072,-1000.0,-1000.0,2665543400.0
-1000.0,-1000.0,-1000.0,10.731142,2665727700.0
-1000.0,14.493954,-1000.0,-1000.0,2666266000.0
-1000.0,-1000.0,-1000.0,3.7174506,2666448600.0
-1000.0,13.990662,-1000.0,-1000.0,2666627000.0
-1000.0,-1000.0,-1000.0,3.7196107,2666809900.0
-1000.0,-1000.0,-1000.0,3.2055182,2667171000.0
-1000.0,-1000.0,-1000.0,10.860745,2667534000.0
-1000.0,14.476673,-1000.0,-1000.0,2667711000.0
-1000.0,13.962581,-1000.0,-1000.0,2668072200.0
-1000.0,-1000.0,-1000.0,3.7174506,2668255000.0
-1000.0,-1000.0,-1000.0,3.7131307,2668977400.0
-1000.0,13.971221,-1000.0,-1000.0,2669155800.0
-1000.0,-1000.0,-1000.0,3.7088106,2669338600.0
-1000.0,14.509074,-1000.0,-1000.0,2669878500.0
-1000.0,-1000.0,-1000.0,3.7239308,2670061300.0
-1000.0,13.997142,-1000.0,-1000.0,2670239700.0
-1000.0,-1000.0,-1000.0,3.7174506,2670783700.0
-1000.0,-1000.0,-1000.0,3.7088106,2671145000.0
-1000.0,14.524195,-1000.0,-1000.0,2671323600.0
-1000.0,-1000.0,-1000.0,3.2055182,2671867400.0
-1000.0,-1000.0,-1000.0,11.137232,2672230700.0
-1000.0,-1000.0,-1000.0,-1000.0,-1000.0
-1000.0,-1000.0,-1000.0,3.728251,2672951300.0
-1000.0,14.554435,-1000.0,-1000.0,2673130000.0
-1000.0,14.036022,-1000.0,-1000.0,2673491000.0
-1000.0,-1000.0,-1000.0,3.196878,2673673700.0
-1000.0,-1000.0,-1000.0,3.196878,2674396200.0
-1000.0,-1000.0,-1000.0,-1000.0,-1000.0
0.0,-1000.0,-1000.0,-1000.0,0.0
-1000.0,-1000.0,-1000.0,3.7088106,2675480000.0
-1000.0,-1000.0,-1000.0,3.2055182,2675841300.0
-1000.0,-1000.0,-1000.0,3.7174506,2676202500.0
-1000.0,13.800577,-1000.0,-1000.0,2676381000.0
-1000.0,-1000.0,-1000.0,3.7044904,2676563700.0
-1000.0,-1000.0,-1000.0,3.728251,2677286400.0
-1000.0,14.264988,-1000.0,-1000.0,2677465000.0
-1000.0,-1000.0,-1000.0,3.2206385,2677647600.0
-1000.0,-1000.0,-1000.0,3.7196107,2678008800.0
-1000.0,-1000.0,-1000.0,3.7174506,2678370300.0
-1000.0,14.273628,-1000.0,-1000.0,2678548700.0
-1000.0,13.785457,-1000.0,-1000.0,2678910000.0
-1000.0,-1000.0,-1000.0,3.7131307,2679092700.0
-1000.0,-1000.0,-1000.0,9.43511,2679455200.0
-1000.0,-1000.0,-1000.0,3.7174506,2679815200.0
-1000.0,14.34275,-1000.0,-1000.0,2679993900.0
-1000.0,-1000.0,-1000.0,3.2206385,2680899000.0
-1000.0,13.886979,-1000.0,-1000.0,2681077500.0
-1000.0,-1000.0,-1000.0,3.7088106,2681621800.0
-1000.0,13.919379,-1000.0,-1000.0,2681800200.0
-1000.0,-1000.0,-1000.0,3.7239308,2681983000.0
-1000.0,13.921539,-1000.0,-1000.0,2682161400.0
-1000.0,-1000.0,-1000.0,3.7131307,2682705400.0
-1000.0,14.448592,-1000.0,-1000.0,2682884000.0
-1000.0,-1000.0,-1000.0,3.7196107,2683066600.0
-1000.0,16.563284,-1000.0,-1000.0,2683245800.0
-1000.0,13.964741,-1000.0,-1000.0,2683606500.0
-1000.0,-1000.0,-1000.0,3.201198,2683789000.0
-1000.0,14.485313,-1000.0,-1000.0,2683967700.0
-1000.0,-1000.0,-1000.0,3.7088106,2684511700.0
-1000.0,14.511234,-1000.0,-1000.0,2684690400.0
-1000.0,-1000.0,-1000.0,6.8927283,2684874000.0
-1000.0,14.530675,-1000.0,-1000.0,2685051600.0
-1000.0,-1000.0,-1000.0,3.2055182,2685595600.0
-1000.0,-1000.0,-1000.0,9.83472,2685958400.0
-1000.0,-1000.0,-1000.0,3.201198,2686318000.0
-1000.0,13.997142,-1000.0,-1000.0,2686496800.0
-1000.0,13.994982,-1000.0,-1000.0,2686858000.0
-1000.0,13.95394,-1000.0,-1000.0,2687219200.0
-1000.0,-1000.0,-1000.0,3.2055182,2687401700.0
-1000.0,13.9561,-1000.0,-1000.0,2687580400.0
-1000.0,-1000.0,-1000.0,3.7131307,2687763200.0
-1000.0,-1000.0,-1000.0,3.2249587,2688124400.0
-1000.0,-1000.0,-1000.0,3.196878,2688485600.0
-1000.0,13.960421,-1000.0,-1000.0,2688664300.0
-1000.0,-1000.0,-1000.0,10.817544,2688848600.0
-1000.0,-1000.0,-1000.0,3.7088106,2689208300.0
-1000.0,14.468033,-1000.0,-1000.0,2689748200.0
-1000.0,19.006304,-1000.0,-1000.0,2690110700.0
-1000.0,-1000.0,-1000.0,3.7131307,2690292200.0
-1000.0,14.461553,-1000.0,-1000.0,2690471000.0
-1000.0,-1000.0,-1000.0,3.7174506,2690653400.0
-1000.0,-1000.0,-1000.0,3.201198,2691014700.0
-1000.0,13.95178,-1000.0,-1000.0,2691193300.0
-1000.0,-1000.0,-1000.0,3.2163186,2691375900.0
-1000.0,-1000.0,-1000.0,3.201198,2692098600.0
-1000.0,-1000.0,-1000.0,3.7088106,2692459800.0
-1000.0,13.9561,-1000.0,-1000.0,2692999700.0
-1000.0,-1000.0,-1000.0,3.7174506,2693182500.0
-1000.0,-1000.0,-1000.0,12.152456,2693907000.0
-1000.0,19.300072,-1000.0,-1000.0,2694084600.0
-1000.0,-1000.0,-1000.0,3.196878,2694266000.0
-1000.0,-1000.0,-1000.0,3.7196107,2694988800.0
-1000.0,14.491794,-1000.0,-1000.0,2695167500.0
-1000.0,14.452912,-1000.0,-1000.0,2695890000.0
-1000.0,-1000.0,-1000.0,-1000.0,-1000.0
-1000.0,-1000.0,-1000.0,3.1817577,2696795000.0
-1000.0,-1000.0,-1000.0,-1000.0,-1000.0
-1000.0,-1000.0,-1000.0,3.201198,2697156000.0
-1000.0,-1000.0,-1000.0,10.325052,2697519000.0
-1000.0,13.990662,-1000.0,-1000.0,2700947500.0
-1000.0,13.94746,-1000.0,-1000.0,2704921000.0
-1000.0,-1000.0,-1000.0,8.789254,2707272400.0
-1000.0,-1000.0,-1000.0,-1000.0,-1000.0
-1000.0,14.511234,-1000.0,-1000.0,2716480800.0
-1000.0,-1000.0,-1000.0,7.663867,2716664300.0
-1000.0,-1000.0,-1000.0,3.7368913,2717024800.0
-1000.0,14.007942,-1000.0,-1000.0,2717203200.0
-1000.0,-1000.0,-1000.0,3.728251,2717386000.0
-1000.0,13.999302,-1000.0,-1000.0,2717925600.0
-1000.0,-1000.0,-1000.0,3.2163186,2718108400.0
-1000.0,-1000.0,-1000.0,12.511025,2718471700.0
-1000.0,-1000.0,-1000.0,9.618714,2718832400.0
-1000.0,-1000.0,-1000.0,9.882241,2719193600.0
-1000.0,14.005782,-1000.0,-1000.0,2719732000.0
-1000.0,-1000.0,-1000.0,3.196878,2719914500.0
-1000.0,-1000.0,-1000.0,3.196878,2720275700.0
-1000.0,14.031702,-1000.0,-1000.0,2720815600.0
-1000.0,14.537155,-1000.0,-1000.0,2721177000.0
-1000.0,-1000.0,-1000.0,3.2098384,2722443300.0
-1000.0,-1000.0,-1000.0,3.7239308,2724972300.0
-1000.0,-1000.0,-1000.0,3.7131307,2734004000.0
-1000.0,13.90426,-1000.0,-1000.0,2734182400.0
-1000.0,-1000.0,-1000.0,3.196878,2734365200.0
-1000.0,20.749466,-1000.0,-1000.0,2734906600.0
-1000.0,-1000.0,-1000.0,3.7044904,2735087900.0
-1000.0,-1000.0,-1000.0,3.2206385,2750983000.0
-1000.0,13.962581,-1000.0,-1000.0,2751161300.0
-1000.0,-1000.0,-1000.0,3.2098384,2751344000.0
-1000.0,14.014422,-1000.0,-1000.0,2751884000.0
-1000.0,-1000.0,-1000.0,3.2098384,2752066600.0
-1000.0,14.012262,-1000.0,-1000.0,2752245200.0
-1000.0,-1000.0,-1000.0,3.2055182,2753150500.0
-1000.0,13.997142,-1000.0,-1000.0,2753329000.0
-1000.0,-1000.0,-1000.0,3.7131307,2753873200.0
-1000.0,13.975541,-1000.0,-1000.0,2754774000.0
-1000.0,-1000.0,-1000.0,3.7174506,2754956800.0
-1000.0,14.478833,-1000.0,-1000.0,2755135500.0
-1000.0,-1000.0,-1000.0,-1000.0,-1000.0
-1000.0,13.964741,-1000.0,-1000.0,2755857700.0
-1000.0,-1000.0,-1000.0,3.196878,2756040400.0
-1000.0,13.960421,-1000.0,-1000.0,2756219100.0
-1000.0,14.388111,-1000.0,-1000.0,2756941800.0
-1000.0,14.4291525,-1000.0,-1000.0,2765611800.0
-1000.0,14.465873,-1000.0,-1000.0,2766334200.0
-1000.0,-1000.0,-1000.0,3.196878,2766516700.0
-1000.0,13.94098,-1000.0,-1000.0,2766695200.0
-1000.0,-1000.0,-1000.0,3.7325711,2766878000.0
-1000.0,-1000.0,-1000.0,3.2055182,2767239200.0
-1000.0,-1000.0,-1000.0,3.201198,2767600400.0
-1000.0,-1000.0,-1000.0,3.2206385,2767961900.0
-1000.0,-1000.0,-1000.0,3.2098384,2768684300.0
-1000.0,13.966901,-1000.0,-1000.0,2768863000.0
-1000.0,-1000.0,-1000.0,3.2206385,2770490600.0
-1000.0,14.35355,-1000.0,-1000.0,2770669300.0
-1000.0,14.504754,-1000.0,-1000.0,2771030800.0
-1000.0,-1000.0,-1000.0,3.7131307,2771574500.0
-1000.0,13.999302,-1000.0,-1000.0,2771753200.0
-1000.0,-1000.0,-1000.0,3.201198,2771935700.0
-1000.0,14.506914,-1000.0,-1000.0,2772475600.0
-1000.0,13.990662,-1000.0,-1000.0,2772836900.0
-1000.0,-1000.0,-1000.0,3.2098384,2789637600.0
-1000.0,-1000.0,-1000.0,3.2206385,2790721300.0
-1000.0,-1000.0,-1000.0,5.72846,2806109000.0
11.5066,-1000.0,-1000.0,-1000.0,2806450400.0
19.176949,-1000.0,-1000.0,-1000.0,2813503200.0
-1000.0,-1000.0,-1000.0,-1000.0,-1000.0
-1000.0,-1000.0,-1000.0,-1000.0,-1000.0
22.995922,-1000.0,-1000.0,-1000.0,2962741800.0
-1000.0,-1000.0,-1000.0,-1000.0,-1000.0
11.495801,-1000.0,-1000.0,-1000.0,3186025700.0
-1000.0,-1000.0,3.764972,-1000.0,3194666500.0
-1000.0,-1000.0,2.9290314,-1000.0,3204421600.0
-1000.0,7.7610693,-1000.0,-1000.0,3248870400.0
0.0,-1000.0,-1000.0,-1000.0,0.0
8.044036,-1000.0,-1000.0,-1000.0,3284992000.0
-1000.0,-1000.0,-1000.0,-1000.0,-1000.0
7.4284215,-1000.0,-1000.0,-1000.0,3466636800.0
7.668187,-1000.0,-1000.0,-1000.0,3469070600.0
-1000.0,-1000.0,2.9851928,-1000.0,3484255500.0
-1000.0,-1000.0,-1000.0,-1000.0,-1000.0
-1000.0,-1000.0,-1000.0,-1000.0,-1000.0
-1000.0,-1000.0,-1000.0,-1000.0,-1000.0
-1000.0,-1000.0,2.827509,-1000.0,3604301300.0
-1000.0,-1000.0,-1000.0,7.093613,3612342000.0
-1000.0,-1000.0,-1000.0,-1000.0,-1000.0
13.262724,-1000.0,-1000.0,-1000.0,3627875600.0
-1000.0,-1000.0,-1000.0,-1000.0,-1000.0
-1000.0,-1000.0,-1000.0,-1000.0,-1000.0
7.670347,-1000.0,-1000.0,-1000.0,3709907000.0
13.141761,-1000.0,-1000.0,-1000.0,3744764700.0
-1000.0,-1000.0,4.4929094,-1000.0,3763370500.0
15.960629,-1000.0,-1000.0,-1000.0,3774870000.0
0.0,-1000.0,-1000.0,-1000.0,0.0
-1000.0,-1000.0,3.0240738,-1000.0,3834294300.0
-1000.0,-1000.0,-1000.0,-1000.0,-1000.0
-1000.0,10.841305,-1000.0,-1000.0,3843785200.0
0.0,-1000.0,-1000.0,-1000.0,0.0
-1000.0,-1000.0,-1000.0,3.7131307,3870608600.0
-1000.0,14.528515,-1000.0,-1000.0,3871871200.0
-1000.0,70.07211,-1000.0,-1000.0,3872968000.0
-1000.0,68.66592,-1000.0,-1000.0,3873329000.0
-1000.0,59.83994,-1000.0,-1000.0,3873688000.0
-1000.0,69.08497,-1000.0,-1000.0,3874051600.0
-1000.0,70.17579,-1000.0,-1000.0,3875135700.0
-1000.0,-1000.0,-1000.0,3.7174506,3887950600.0
-1000.0,-1000.0,-1000.0,3.7174506,3889395500.0
-1000.0,-1000.0,-1000.0,3.7088106,3895176000.0
-1000.0,14.563075,-1000.0,-1000.0,3897160700.0
-1000.0,-1000.0,-1000.0,40.61331,3898435800.0
-1000.0,-1000.0,-1000.0,3.6958501,3900595000.0
-1000.0,-1000.0,-1000.0,3.1925578,3903846100.0
-1000.0,-1000.0,2.9441519,-1000.0,3904397800.0
-1000.0,-1000.0,-1000.0,3.196878,3906013700.0
-1000.0,-1000.0,-1000.0,3.7476914,3906736400.0
-1000.0,-1000.0,-1000.0,25.77591,3928778500.0
-1000.0,8.307563,-1000.0,-1000.0,3971925500.0
-1000.0,-1000.0,-1000.0,-1000.0,-1000.0
-1000.0,13.962581,-1000.0,-1000.0,3981704400.0
0.0,-1000.0,-1000.0,-1000.0,0.0
-1000.0,-1000.0,-1000.0,-1000.0,-1000.0
-1000.0,14.532835,-1000.0,-1000.0,4010607400.0
-1000.0,14.534995,-1000.0,-1000.0,4010968600.0
-1000.0,14.383791,-1000.0,-1000.0,4012775000.0
-1000.0,14.552275,-1000.0,-1000.0,4014220000.0
-1000.0,14.001462,-1000.0,-1000.0,4019277800.0
-1000.0,14.550115,-1000.0,-1000.0,4036619000.0
-1000.0,14.5177145,-1000.0,-1000.0,4038425300.0
-1000.0,-1000.0,-1000.0,3.2098384,4038608000.0
-1000.0,14.489634,-1000.0,-1000.0,4039147800.0
-1000.0,13.999302,-1000.0,-1000.0,4039509000.0
-1000.0,13.984181,-1000.0,-1000.0,4039870200.0
-1000.0,-1000.0,-1000.0,3.2098384,4040414200.0
-1000.0,13.997142,-1000.0,-1000.0,4040954000.0
-1000.0,-1000.0,-1000.0,3.1925578,4041137000.0
-1000.0,14.0165825,-1000.0,-1000.0,4041315300.0
-1000.0,13.999302,-1000.0,-1000.0,4041676800.0
-1000.0,14.027382,-1000.0,-1000.0,4042760400.0
-1000.0,-1000.0,-1000.0,28.331251,4045478100.0
-1000.0,14.496114,-1000.0,-1000.0,4045651000.0
-1000.0,-1000.0,-1000.0,33.282093,4045840600.0
-1000.0,14.519875,-1000.0,-1000.0,4046012200.0
-1000.0,-1000.0,-1000.0,27.925161,4046561800.0
-1000.0,-1000.0,-1000.0,29.09591,4050898000.0
-1000.0,14.539315,-1000.0,-1000.0,4051793200.0
-1000.0,14.033862,-1000.0,-1000.0,4052515600.0
-1000.0,-1000.0,-1000.0,3.7196107,4052698400.0
-1000.0,-1000.0,-1000.0,3.7131307,4053421000.0
-1000.0,-1000.0,-1000.0,30.631708,4056679000.0
-1000.0,41.550774,-1000.0,-1000.0,4059386600.0
-1000.0,-1000.0,-1000.0,32.305748,4062098400.0
-1000.0,14.537155,-1000.0,-1000.0,4062993200.0
-1000.0,14.537155,-1000.0,-1000.0,4063354400.0
-1000.0,-1000.0,-1000.0,32.75072,4063543800.0
-1000.0,14.532835,-1000.0,-1000.0,4063715600.0
-1000.0,-1000.0,-1000.0,33.55426,4063905300.0
-1000.0,-1000.0,-1000.0,33.387936,4064628000.0
-1000.0,-1000.0,-1000.0,38.276134,4067158000.0
-1000.0,-1000.0,-1000.0,39.608887,4068242200.0
-1000.0,-1000.0,-1000.0,38.14653,4068964600.0
-1000.0,-1000.0,-1000.0,40.105698,4069326300.0
-1000.0,-1000.0,-1000.0,40.062496,4070049000.0
-1000.0,46.102005,-1000.0,-1000.0,4070226400.0
-1000.0,-1000.0,-1000.0,38.90471,4070771200.0
-1000.0,-1000.0,-1000.0,44.032673,4075469600.0
-1000.0,-1000.0,-1000.0,41.466534,4076552700.0
-1000.0,53.77235,-1000.0,-1000.0,4077454300.0
-1000.0,-1000.0,-1000.0,37.67348,4077997000.0
-1000.0,-1000.0,-1000.0,3.7174506,4079796000.0
-1000.0,-1000.0,-1000.0,3.728251,4081963800.0
-1000.0,-1000.0,-1000.0,3.7044904,4082325000.0
-1000.0,53.083294,-1000.0,-1000.0,4083957800.0
-1000.0,-1000.0,-1000.0,-1000.0,-1000.0
-1000.0,-1000.0,-1000.0,47.665882,4087032300.0
-1000.0,-1000.0,-1000.0,51.828304,4087394600.0
0.0,-1000.0,-1000.0,-1000.0,0.0
0.0,-1000.0,-1000.0,-1000.0,0.0
0.0,-1000.0,-1000.0,-1000.0,0.0
-1000.0,70.72445,-1000.0,-1000.0,4105279000.0
-1000.0,70.59268,-1000.0,-1000.0,4106001700.0
-1000.0,-1000.0,-1000.0,63.49907,4106546400.0
-1000.0,70.04187,-1000.0,-1000.0,4106724000.0
-1000.0,-1000.0,-1000.0,63.04546,4106907600.0
-1000.0,-1000.0,-1000.0,66.05225,4107269600.0
-1000.0,-1000.0,-1000.0,61.45998,4107629800.0
-1000.0,70.4782,-1000.0,-1000.0,4108169500.0
-1000.0,-1000.0,-1000.0,63.566032,4108353000.0
-1000.0,73.556274,-1000.0,-1000.0,4113589800.0
-1000.0,-1000.0,-1000.0,67.20572,4113773600.0
-1000.0,77.30396,-1000.0,-1000.0,4114313200.0
-1000.0,-1000.0,-1000.0,69.45434,4114496500.0
-1000.0,79.61522,-1000.0,-1000.0,4115036400.0
-1000.0,-1000.0,-1000.0,70.48036,4115942100.0
-1000.0,-1000.0,-1000.0,72.21704,4116665000.0
-1000.0,-1000.0,-1000.0,70.61644,4117026000.0
-1000.0,83.03891,-1000.0,-1000.0,4117927400.0
-1000.0,83.142586,-1000.0,-1000.0,4118650000.0
-1000.0,-1000.0,-1000.0,72.800255,4118833000.0
-1000.0,-1000.0,-1000.0,72.046394,4119194000.0
-1000.0,-1000.0,-1000.0,75.27351,4119917600.0
-1000.0,84.01957,-1000.0,-1000.0,4120095700.0
-1000.0,84.082214,-1000.0,-1000.0,4120818200.0
-1000.0,-1000.0,-1000.0,76.44643,4121001700.0
-1000.0,-1000.0,-1000.0,74.478615,4122085000.0
-1000.0,84.60494,-1000.0,-1000.0,4122625000.0
-1000.0,87.06309,-1000.0,-1000.0,4122986800.0
-1000.0,84.838234,-1000.0,-1000.0,4123709000.0
-1000.0,-1000.0,-1000.0,79.194016,4124254000.0
-1000.0,-1000.0,-1000.0,75.51328,4124614400.0
-1000.0,86.26386,-1000.0,-1000.0,4125154300.0
-1000.0,-1000.0,-1000.0,78.21551,4125337600.0
-1000.0,94.30574,-1000.0,-1000.0,4125517300.0
-1000.0,88.97041,-1000.0,-1000.0,4125877500.0
-1000.0,88.048065,-1000.0,-1000.0,4126238700.0
-1000.0,-1000.0,2.9614322,-1000.0,4128930800.0
-1000.0,94.737755,-1000.0,-1000.0,4129130800.0
-1000.0,-1000.0,-1000.0,84.01741,4132926200.0
-1000.0,93.12419,-1000.0,-1000.0,4133104600.0
-1000.0,-1000.0,-1000.0,84.80583,4133649200.0
-1000.0,-1000.0,-1000.0,85.542404,4134733000.0
-1000.0,-1000.0,-1000.0,85.888016,4135455700.0
-1000.0,-1000.0,-1000.0,87.90334,4136901400.0
-1000.0,94.78743,-1000.0,-1000.0,4137801500.0
-1000.0,-1000.0,-1000.0,88.302956,4138707700.0
-1000.0,96.32539,-1000.0,-1000.0,4139246800.0
-1000.0,-1000.0,-1000.0,88.21655,4139430100.0
-1000.0,-1000.0,-1000.0,92.33361,4139792400.0
-1000.0,-1000.0,-1000.0,3.7131307,4140855800.0
-1000.0,94.43318,-1000.0,-1000.0,4141053000.0
-1000.0,-1000.0,-1000.0,3.7044904,4141578200.0
-1000.0,100.56126,-1000.0,-1000.0,4142138000.0
-1000.0,-1000.0,-1000.0,92.5885,4143405300.0
-1000.0,14.027382,-1000.0,-1000.0,4146814700.0
-1000.0,14.020902,-1000.0,-1000.0,4147898600.0
-1000.0,14.014422,-1000.0,-1000.0,4148259800.0
-1000.0,14.519875,-1000.0,-1000.0,4148982500.0
-1000.0,14.511234,-1000.0,-1000.0,4149705000.0
-1000.0,14.001462,-1000.0,-1000.0,4151149800.0
-1000.0,14.513394,-1000.0,-1000.0,4156207600.0
-1000.0,-1000.0,-1000.0,-1000.0,-1000.0
0.0,-1000.0,-1000.0,-1000.0,0.0
0.0,-1000.0,-1000.0,-1000.0,0.0
0.0,-1000.0,-1000.0,-1000.0,0.0
0.0,-1000.0,-1000.0,-1000.0,0.0
0.0,-1000.0,-1000.0,-1000.0,0.0
-1000.0,-1000.0,-1000.0,-1000.0,-1000.0
-1000.0,-1000.0,2.8966308,-1000.0,65096330.0
-1000.0,-1000.0,-1000.0,-1000.0,-1000.0
-1000.0,-1000.0,-1000.0,-1000.0,-1000.0
-1000.0,-1000.0,-1000.0,-1000.0,-1000.0
-1000.0,-1000.0,-1000.0,-1000.0,-1000.0
-1000.0,-1000.0,-1000.0,-1000.0,-1000.0
-1000.0,-1000.0,-1000.0,-1000.0,-1000.0
-1000.0,-1000.0,11.590843,-1000.0,145665120.0
-1000.0,14.012262,-1000.0,-1000.0,146293400.0
-1000.0,-1000.0,-1000.0,3.7001703,161649740.0
13.742255,-1000.0,-1000.0,-1000.0,174743800.0
13.744415,-1000.0,-1000.0,-1000.0,175466400.0
13.647213,-1000.0,-1000.0,-1000.0,178717800.0
-1000.0,-1000.0,92.04417,-1000.0,178921090.0
-1000.0,-1000.0,-1000.0,186.96336,179755950.0
-1000.0,14.511234,-1000.0,-1000.0,179892130.0
0.0,-1000.0,-1000.0,-1000.0,0.0
0.0,-1000.0,-1000.0,-1000.0,0.0
-1000.0,14.506914,-1000.0,-1000.0,183143650.0
13.735775,-1000.0,-1000.0,-1000.0,184859660.0
13.727135,-1000.0,-1000.0,-1000.0,185582260.0
13.679614,-1000.0,-1000.0,-1000.0,187388930.0
-1000.0,-1000.0,-1000.0,-1000.0,-1000.0
14.185066,-1000.0,-1000.0,-1000.0,190641040.0
-1000.0,-1000.0,-1000.0,-1000.0,-1000.0
14.165626,-1000.0,-1000.0,-1000.0,191363700.0
-1000.0,-1000.0,2.9679124,-1000.0,191546260.0
0.0,-1000.0,-1000.0,-1000.0,0.0
-1000.0,-1000.0,-1000.0,-1000.0,-1000.0
0.0,-1000.0,-1000.0,-1000.0,0.0
-1000.0,-1000.0,-1000.0,-1000.0,-1000.0
0.0,-1000.0,-1000.0,-1000.0,0.0
0.0,-1000.0,-1000.0,-1000.0,0.0
0.0,-1000.0,-1000.0,-1000.0,0.0
-1000.0,-1000.0,-1000.0,4.9141197,288283400.0
-1000.0,-1000.0,2.911751,-1000.0,334242370.0
-1000.0,8.60349,-1000.0,-1000.0,336857700.0
-1000.0,-1000.0,-1000.0,-1000.0,-1000.0
0.0,-1000.0,-1000.0,-1000.0,0.0
14.187226,-1000.0,-1000.0,-1000.0,412467500.0
14.208827,-1000.0,-1000.0,-1000.0,412828770.0
-1000.0,-1000.0,3.4647245,-1000.0,413372640.0
-1000.0,-1000.0,3.4604044,-1000.0,414095100.0
-1000.0,-1000.0,-1000.0,-1000.0,-1000.0
14.219627,-1000.0,-1000.0,-1000.0,414634980.0
-1000.0,-1000.0,2.9355116,-1000.0,414817540.0
13.744415,-1000.0,-1000.0,-1000.0,416079970.0
-1000.0,-1000.0,10.020485,-1000.0,417348100.0
14.284429,-1000.0,-1000.0,-1000.0,417525200.0
13.90858,-1000.0,-1000.0,-1000.0,419692600.0
-1000.0,-1000.0,11.901891,-1000.0,420238660.0
-1000.0,-1000.0,-1000.0,3.1601572,421772060.0
-1000.0,13.962581,-1000.0,-1000.0,423034460.0
14.174266,-1000.0,-1000.0,-1000.0,432698240.0
-1000.0,-1000.0,7.015851,-1000.0,432881730.0
14.210987,-1000.0,-1000.0,-1000.0,433782000.0
-1000.0,-1000.0,3.4604044,-1000.0,435770880.0
14.230428,-1000.0,-1000.0,-1000.0,435949470.0
13.716334,-1000.0,-1000.0,-1000.0,436671840.0
14.217467,-1000.0,-1000.0,-1000.0,437033200.0
-1000.0,-1000.0,2.957112,-1000.0,437938270.0
-1000.0,-1000.0,3.4539242,-1000.0,438660900.0
13.737935,-1000.0,-1000.0,-1000.0,439561900.0
21.082115,-1000.0,-1000.0,-1000.0,439924900.0
-1000.0,-1000.0,3.4496043,-1000.0,440467230.0
14.264988,-1000.0,-1000.0,-1000.0,440645860.0
14.202347,-1000.0,-1000.0,-1000.0,442090940.0
21.172836,-1000.0,-1000.0,-1000.0,444982500.0
-1000.0,-1000.0,-1000.0,-1000.0,-1000.0
0.0,-1000.0,-1000.0,-1000.0,0.0
0.0,-1000.0,-1000.0,-1000.0,0.0
-1000.0,-1000.0,-1000.0,-1000.0,-1000.0
-1000.0,-1000.0,3.4496043,-1000.0,475148380.0
13.746575,-1000.0,-1000.0,-1000.0,475688130.0
-1000.0,-1000.0,3.4690447,-1000.0,476232160.0
13.653693,-1000.0,-1000.0,-1000.0,486887000.0
13.668814,-1000.0,-1000.0,-1000.0,488332100.0
13.668814,-1000.0,-1000.0,-1000.0,488693340.0
-1000.0,-1000.0,2.9722326,-1000.0,490682270.0
14.277948,-1000.0,-1000.0,-1000.0,490861000.0
13.737935,-1000.0,-1000.0,-1000.0,491222080.0
-1000.0,-1000.0,-1000.0,-1000.0,-1000.0
14.254188,-1000.0,-1000.0,-1000.0,491583420.0
-1000.0,-1000.0,3.4560843,-1000.0,492488580.0
-1000.0,-1000.0,2.957112,-1000.0,493210980.0
-1000.0,-1000.0,3.4647245,-1000.0,494294940.0
-1000.0,-1000.0,3.4690447,-1000.0,496101220.0
31.467648,-1000.0,-1000.0,-1000.0,498812740.0
-1000.0,-1000.0,2.957112,-1000.0,498991260.0
0.0,-1000.0,-1000.0,-1000.0,0.0
-1000.0,-1000.0,3.4560843,-1000.0,500797760.0
-1000.0,-1000.0,-1000.0,-1000.0,-1000.0
32.79608,-1000.0,-1000.0,-1000.0,502425600.0
-1000.0,-1000.0,2.9808726,-1000.0,502603840.0
14.221787,-1000.0,-1000.0,-1000.0,506756500.0
-1000.0,-1000.0,3.4604044,-1000.0,507661760.0
-1000.0,-1000.0,2.9527922,-1000.0,508022900.0
-1000.0,-1000.0,2.9527922,-1000.0,508745470.0
14.234747,-1000.0,-1000.0,-1000.0,511453150.0
-1000.0,-1000.0,-1000.0,-1000.0,-1000.0
-1000.0,-1000.0,-1000.0,-1000.0,-1000.0
14.206667,-1000.0,-1000.0,-1000.0,513259550.0
-1000.0,-1000.0,26.26408,-1000.0,515976500.0
0.0,-1000.0,-1000.0,-1000.0,0.0
-1000.0,-1000.0,27.85388,-1000.0,516338140.0
38.04501,-1000.0,-1000.0,-1000.0,516516640.0
14.249867,-1000.0,-1000.0,-1000.0,519762560.0
-1000.0,-1000.0,24.894608,-1000.0,519950200.0
14.254188,-1000.0,-1000.0,-1000.0,520123870.0
-1000.0,-1000.0,25.00909,-1000.0,520672830.0
13.731455,-1000.0,-1000.0,-1000.0,520846300.0
13.705535,-1000.0,-1000.0,-1000.0,523736540.0
-1000.0,-1000.0,3.4452841,-1000.0,524280580.0
-1000.0,-1000.0,3.4604044,-1000.0,524641860.0
14.202347,-1000.0,-1000.0,-1000.0,524820450.0
-1000.0,-1000.0,3.4604044,-1000.0,526809470.0
14.221787,-1000.0,-1000.0,-1000.0,526988100.0
-1000.0,-1000.0,3.4496043,-1000.0,527170720.0
14.230428,-1000.0,-1000.0,-1000.0,527710560.0
13.7206545,-1000.0,-1000.0,-1000.0,528071700.0
-1000.0,-1000.0,28.804302,-1000.0,528621660.0
-1000.0,-1000.0,29.52792,-1000.0,530789400.0
14.213147,-1000.0,-1000.0,-1000.0,531684540.0
-1000.0,-1000.0,-1000.0,-1000.0,-1000.0
-1000.0,-1000.0,-1000.0,-1000.0,-1000.0
0.0,-1000.0,-1000.0,-1000.0,0.0
-1000.0,-1000.0,-1000.0,-1000.0,-1000.0
44.430122,-1000.0,-1000.0,-1000.0,580100860.0
-1000.0,-1000.0,37.157227,-1000.0,581006900.0
-1000.0,-1000.0,37.072987,-1000.0,581368200.0
46.905544,-1000.0,-1000.0,-1000.0,581546560.0
-1000.0,-1000.0,35.001495,-1000.0,582090300.0
44.883736,-1000.0,-1000.0,-1000.0,582991300.0
-1000.0,-1000.0,36.01024,-1000.0,583174400.0
-1000.0,-1000.0,42.18151,-1000.0,585343400.0
44.3502,-1000.0,-1000.0,-1000.0,585520060.0
-1000.0,-1000.0,39.358322,-1000.0,586426700.0
-1000.0,-1000.0,41.82726,-1000.0,587149900.0
-1000.0,-1000.0,39.26328,-1000.0,593652540.0
46.901226,-1000.0,-1000.0,-1000.0,595275650.0
-1000.0,-1000.0,38.384136,-1000.0,595458900.0
-1000.0,-1000.0,40.405945,-1000.0,601239740.0
48.981354,-1000.0,-1000.0,-1000.0,606114370.0
-1000.0,-1000.0,38.92415,-1000.0,606297300.0
14.36651,-1000.0,-1000.0,-1000.0,608635260.0
45.9616,-1000.0,-1000.0,-1000.0,610087700.0
-1000.0,-1000.0,3.4496043,-1000.0,610985660.0
-1000.0,-1000.0,3.440964,-1000.0,611708160.0
48.42622,-1000.0,-1000.0,-1000.0,613339840.0
47.16907,-1000.0,-1000.0,-1000.0,614062140.0
-1000.0,-1000.0,3.4560843,-1000.0,615682300.0
-1000.0,-1000.0,3.4452841,-1000.0,617127500.0
13.737935,-1000.0,-1000.0,-1000.0,618389800.0
0.0,-1000.0,-1000.0,-1000.0,0.0
48.087093,-1000.0,-1000.0,-1000.0,619842800.0
-1000.0,-1000.0,36.621532,-1000.0,620025300.0
13.718494,-1000.0,-1000.0,-1000.0,620557400.0
14.204507,-1000.0,-1000.0,-1000.0,621280060.0
-1000.0,-1000.0,3.4560843,-1000.0,621824060.0
13.707694,-1000.0,-1000.0,-1000.0,622002560.0
13.690414,-1000.0,-1000.0,-1000.0,622363840.0
-1000.0,-1000.0,2.9808726,-1000.0,622546560.0
-1000.0,-1000.0,3.4647245,-1000.0,623269200.0
-1000.0,-1000.0,-1000.0,-1000.0,-1000.0
-1000.0,-1000.0,3.482005,-1000.0,623630460.0
-1000.0,-1000.0,3.4560843,-1000.0,623991800.0
-1000.0,-1000.0,3.4604044,-1000.0,624353000.0
-1000.0,-1000.0,2.957112,-1000.0,625075460.0
-1000.0,-1000.0,2.8361492,-1000.0,625273150.0
-1000.0,-1000.0,3.4690447,-1000.0,625436860.0
-1000.0,-1000.0,3.4496043,-1000.0,626159400.0
-1000.0,-1000.0,3.4539242,-1000.0,626520700.0
13.701215,-1000.0,-1000.0,-1000.0,627060500.0
14.210987,-1000.0,-1000.0,-1000.0,629589570.0
-1000.0,-1000.0,2.9592721,-1000.0,630494700.0
-1000.0,-1000.0,-1000.0,-1000.0,-1000.0
14.234747,-1000.0,-1000.0,-1000.0,631034750.0
-1000.0,-1000.0,2.9592721,-1000.0,631939840.0
-1000.0,-1000.0,-1000.0,-1000.0,-1000.0
14.215307,-1000.0,-1000.0,-1000.0,635370050.0
-1000.0,-1000.0,3.4733648,-1000.0,636997800.0
-1000.0,-1000.0,36.35153,-1000.0,638450560.0
-1000.0,-1000.0,3.4560843,-1000.0,639526850.0
13.690414,-1000.0,-1000.0,-1000.0,641150600.0
-1000.0,-1000.0,3.4604044,-1000.0,641333400.0
14.213147,-1000.0,-1000.0,-1000.0,641873340.0
14.215307,-1000.0,-1000.0,-1000.0,642957250.0
14.215307,-1000.0,-1000.0,-1000.0,643318500.0
13.712014,-1000.0,-1000.0,-1000.0,643679700.0
14.254188,-1000.0,-1000.0,-1000.0,644041100.0
-1000.0,-1000.0,40.023617,-1000.0,644593540.0
47.212273,-1000.0,-1000.0,-1000.0,645493900.0
-1000.0,-1000.0,38.448936,-1000.0,647122200.0
14.135385,-1000.0,-1000.0,-1000.0,647292740.0
13.580252,-1000.0,-1000.0,-1000.0,647653950.0
-1000.0,-1000.0,36.213284,-1000.0,647844300.0
14.061943,-1000.0,-1000.0,-1000.0,648015360.0
14.038182,-1000.0,-1000.0,-1000.0,648376640.0
14.014422,-1000.0,-1000.0,-1000.0,648737900.0
14.012262,-1000.0,-1000.0,-1000.0,649099260.0
14.020902,-1000.0,-1000.0,-1000.0,649460540.0
-1000.0,-1000.0,37.949966,-1000.0,650373700.0
47.838688,-1000.0,-1000.0,-1000.0,650913540.0
-1000.0,-1000.0,37.403473,-1000.0,651096200.0
45.19694,-1000.0,-1000.0,-1000.0,651274240.0
-1000.0,-1000.0,37.26307,-1000.0,651818750.0
47.212273,-1000.0,-1000.0,-1000.0,652358600.0
14.126744,-1000.0,-1000.0,-1000.0,652712260.0
13.655853,-1000.0,-1000.0,-1000.0,653796000.0
14.182906,-1000.0,-1000.0,-1000.0,654157400.0
14.180746,-1000.0,-1000.0,-1000.0,654518660.0
-1000.0,-1000.0,37.29331,-1000.0,654709100.0
13.694735,-1000.0,-1000.0,-1000.0,654879800.0
-1000.0,-1000.0,36.01024,-1000.0,655431400.0
-1000.0,-1000.0,3.4647245,-1000.0,658314240.0
13.712014,-1000.0,-1000.0,-1000.0,659576640.0
-1000.0,-1000.0,3.4539242,-1000.0,660120700.0
-1000.0,-1000.0,2.9635923,-1000.0,663010900.0
-1000.0,-1000.0,2.9592721,-1000.0,663733440.0
13.722815,-1000.0,-1000.0,-1000.0,664273400.0
-1000.0,-1000.0,2.991673,-1000.0,664456060.0
13.776816,-1000.0,-1000.0,-1000.0,666080100.0
-1000.0,-1000.0,2.9592721,-1000.0,668791500.0
-1000.0,-1000.0,3.4604044,-1000.0,669514200.0
13.709854,-1000.0,-1000.0,-1000.0,670053950.0
-1000.0,-1000.0,2.9635923,-1000.0,671320450.0
-1000.0,-1000.0,3.4647245,-1000.0,672043140.0
-1000.0,-1000.0,3.4496043,-1000.0,674210750.0
-1000.0,-1000.0,3.4604044,-1000.0,675294500.0
14.215307,-1000.0,-1000.0,-1000.0,675473150.0
14.232587,-1000.0,-1000.0,-1000.0,675834430.0
14.221787,-1000.0,-1000.0,-1000.0,676195700.0
-1000.0,-1000.0,37.753403,-1000.0,677470140.0
-1000.0,-1000.0,33.642822,-1000.0,678552960.0
46.110645,-1000.0,-1000.0,-1000.0,679454500.0
-1000.0,-1000.0,2.9527922,-1000.0,680358700.0
-1000.0,-1000.0,35.085735,-1000.0,681443500.0
44.548927,-1000.0,-1000.0,-1000.0,683066900.0
0.0,-1000.0,-1000.0,-1000.0,0.0
44.443085,-1000.0,-1000.0,-1000.0,684150660.0
-1000.0,-1000.0,36.44873,-1000.0,684695230.0
13.737935,-1000.0,-1000.0,-1000.0,686672450.0
14.234747,-1000.0,-1000.0,-1000.0,688479000.0
-1000.0,-1000.0,3.4452841,-1000.0,689022900.0
14.267148,-1000.0,-1000.0,-1000.0,689562800.0
14.271468,-1000.0,-1000.0,-1000.0,690285400.0
-1000.0,-1000.0,-1000.0,-1000.0,-1000.0
-1000.0,-1000.0,2.9679124,-1000.0,691913000.0
13.718494,-1000.0,-1000.0,-1000.0,692091600.0
-1000.0,-1000.0,2.9527922,-1000.0,692274240.0
14.223948,-1000.0,-1000.0,-1000.0,692453000.0
13.714174,-1000.0,-1000.0,-1000.0,692814140.0
-1000.0,-1000.0,2.9635923,-1000.0,694080700.0
-1000.0,-1000.0,3.4647245,-1000.0,694442100.0
14.234747,-1000.0,-1000.0,-1000.0,694620740.0
-1000.0,-1000.0,2.9592721,-1000.0,695525900.0
-1000.0,-1000.0,2.957112,-1000.0,696248500.0
13.722815,-1000.0,-1000.0,-1000.0,696427140.0
-1000.0,-1000.0,3.4452841,-1000.0,696971200.0
13.740095,-1000.0,-1000.0,-1000.0,697149700.0
13.742255,-1000.0,-1000.0,-1000.0,697872300.0
-1000.0,-1000.0,2.948472,-1000.0,698055000.0
13.770336,-1000.0,-1000.0,-1000.0,698594900.0
-1000.0,-1000.0,2.957112,-1000.0,699861440.0
-1000.0,-1000.0,2.9679124,-1000.0,700222800.0
-1000.0,-1000.0,3.4647245,-1000.0,700584100.0
14.249867,-1000.0,-1000.0,-1000.0,700762750.0
-1000.0,-1000.0,2.9873528,-1000.0,700945340.0
-1000.0,-1000.0,3.4604044,-1000.0,701306750.0
-1000.0,-1000.0,3.4604044,-1000.0,701668030.0
-1000.0,-1000.0,2.9679124,-1000.0,702029250.0
13.712014,-1000.0,-1000.0,-1000.0,702207800.0
13.694735,-1000.0,-1000.0,-1000.0,702930400.0
-1000.0,-1000.0,3.4647245,-1000.0,703113200.0
14.200187,-1000.0,-1000.0,-1000.0,703291900.0
13.6925745,-1000.0,-1000.0,-1000.0,703653060.0
-1000.0,-1000.0,3.4690447,-1000.0,704197200.0
14.202347,-1000.0,-1000.0,-1000.0,704375800.0
-1000.0,-1000.0,2.9635923,-1000.0,704919700.0
14.226108,-1000.0,-1000.0,-1000.0,705098400.0
-1000.0,-1000.0,3.4539242,-1000.0,705281000.0
-1000.0,-1000.0,3.4647245,-1000.0,706003650.0
-1000.0,-1000.0,28.326931,-1000.0,711067650.0
13.744415,-1000.0,-1000.0,-1000.0,711601700.0
-1000.0,-1000.0,29.136951,-1000.0,711790460.0
14.241227,-1000.0,-1000.0,-1000.0,711963140.0
14.245547,-1000.0,-1000.0,-1000.0,712685800.0
-1000.0,-1000.0,28.238369,-1000.0,716487230.0
13.727135,-1000.0,-1000.0,-1000.0,718466400.0
-1000.0,-1000.0,25.341738,-1000.0,719015600.0
-1000.0,-1000.0,2.9765527,-1000.0,720094340.0
-1000.0,-1000.0,3.4647245,-1000.0,721900900.0
-1000.0,-1000.0,3.4560843,-1000.0,722984770.0
13.701215,-1000.0,-1000.0,-1000.0,723885900.0
-1000.0,-1000.0,2.9592721,-1000.0,724068540.0
13.709854,-1000.0,-1000.0,-1000.0,724247200.0
13.975541,-1000.0,-1000.0,-1000.0,728582660.0
13.969061,-1000.0,-1000.0,-1000.0,728943940.0
-1000.0,-1000.0,2.9635923,-1000.0,730210560.0
13.90426,-1000.0,-1000.0,-1000.0,730389100.0
14.370831,-1000.0,-1000.0,-1000.0,730750600.0
-1000.0,-1000.0,2.9722326,-1000.0,731294460.0
-1000.0,-1000.0,-1000.0,-1000.0,-1000.0
-1000.0,-1000.0,3.4560843,-1000.0,733101000.0
13.6925745,-1000.0,-1000.0,-1000.0,735086000.0
-1000.0,-1000.0,3.4560843,-1000.0,735630100.0
14.200187,-1000.0,-1000.0,-1000.0,736531260.0
-1000.0,-1000.0,3.4560843,-1000.0,736713900.0
-1000.0,-1000.0,3.4560843,-1000.0,738881800.0
-1000.0,-1000.0,2.9722326,-1000.0,739243000.0
13.699055,-1000.0,-1000.0,-1000.0,739783000.0
-1000.0,-1000.0,2.9765527,-1000.0,742133440.0
13.746575,-1000.0,-1000.0,-1000.0,743396000.0
13.740095,-1000.0,-1000.0,-1000.0,744118600.0
-1000.0,-1000.0,3.4690447,-1000.0,745385340.0
-1000.0,-1000.0,3.4560843,-1000.0,746107900.0
-1000.0,-1000.0,3.4560843,-1000.0,746469250.0
13.7206545,-1000.0,-1000.0,-1000.0,746647740.0
13.707694,-1000.0,-1000.0,-1000.0,747009000.0
13.718494,-1000.0,-1000.0,-1000.0,747370300.0
-1000.0,-1000.0,2.9765527,-1000.0,748998200.0
13.716334,-1000.0,-1000.0,-1000.0,749176800.0
-1000.0,-1000.0,3.361042,-1000.0,750804740.0
14.295229,-1000.0,-1000.0,-1000.0,750983360.0
13.778976,-1000.0,-1000.0,-1000.0,752428400.0
13.737935,-1000.0,-1000.0,-1000.0,755680100.0
-1000.0,-1000.0,3.3653622,-1000.0,757308100.0
14.042502,-1000.0,-1000.0,-1000.0,760015740.0
14.098664,-1000.0,-1000.0,-1000.0,763267460.0
13.673134,-1000.0,-1000.0,-1000.0,775913500.0
-1000.0,-1000.0,3.4647245,-1000.0,776818940.0
13.694735,-1000.0,-1000.0,-1000.0,776997440.0
-1000.0,-1000.0,2.957112,-1000.0,781515900.0
-1000.0,-1000.0,2.9765527,-1000.0,794884200.0
-1000.0,-1000.0,3.4733648,-1000.0,796329660.0
-1000.0,-1000.0,2.9527922,-1000.0,796690900.0
13.705535,-1000.0,-1000.0,-1000.0,796869500.0
13.683934,-1000.0,-1000.0,-1000.0,797230850.0
-1000.0,-1000.0,3.4496043,-1000.0,798858800.0
13.675294,-1000.0,-1000.0,-1000.0,799037400.0
-1000.0,-1000.0,2.9398317,-1000.0,799942700.0
-1000.0,-1000.0,3.4604044,-1000.0,801026800.0
13.822177,-1000.0,-1000.0,-1000.0,801927940.0
13.778976,-1000.0,-1000.0,-1000.0,803373200.0
13.766016,-1000.0,-1000.0,-1000.0,803734500.0
13.707694,-1000.0,-1000.0,-1000.0,804457150.0
-1000.0,-1000.0,3.4690447,-1000.0,804639940.0
14.221787,-1000.0,-1000.0,-1000.0,804818600.0
14.219627,-1000.0,-1000.0,-1000.0,805179900.0
13.675294,-1000.0,-1000.0,-1000.0,805902400.0
13.649373,-1000.0,-1000.0,-1000.0,806263700.0
13.655853,-1000.0,-1000.0,-1000.0,807347600.0
-1000.0,-1000.0,-1000.0,-1000.0,-1000.0
-1000.0,-1000.0,2.9765527,-1000.0,808614140.0
13.766016,-1000.0,-1000.0,-1000.0,809515400.0
13.761696,-1000.0,-1000.0,-1000.0,810238000.0
14.254188,-1000.0,-1000.0,-1000.0,810599400.0
-1000.0,-1000.0,2.9722326,-1000.0,812227260.0
13.712014,-1000.0,-1000.0,-1000.0,812405900.0
-1000.0,-1000.0,3.4323237,-1000.0,812771200.0
-1000.0,-1000.0,9.553913,-1000.0,813312700.0
0.0,-1000.0,-1000.0,-1000.0,0.0
14.239067,-1000.0,-1000.0,-1000.0,814935100.0
14.213147,-1000.0,-1000.0,-1000.0,815657700.0
13.724975,-1000.0,-1000.0,-1000.0,817102800.0
14.221787,-1000.0,-1000.0,-1000.0,818909300.0
-1000.0,-1000.0,2.9635923,-1000.0,820898300.0
13.733615,-1000.0,-1000.0,-1000.0,821076900.0
9.9189625,-1000.0,-1000.0,-1000.0,823067650.0
14.234747,-1000.0,-1000.0,-1000.0,823967400.0
7.456502,-1000.0,-1000.0,-1000.0,824873600.0
14.239067,-1000.0,-1000.0,-1000.0,825051300.0
13.722815,-1000.0,-1000.0,-1000.0,825412500.0
13.714174,-1000.0,-1000.0,-1000.0,826135100.0
13.699055,-1000.0,-1000.0,-1000.0,826496400.0
13.686094,-1000.0,-1000.0,-1000.0,826857660.0
13.694735,-1000.0,-1000.0,-1000.0,827218940.0
13.733615,-1000.0,-1000.0,-1000.0,828302850.0
-1000.0,-1000.0,3.4604044,-1000.0,828485600.0
-1000.0,-1000.0,2.9635923,-1000.0,829208200.0
-1000.0,-1000.0,2.948472,-1000.0,832098700.0
13.737935,-1000.0,-1000.0,-1000.0,832277300.0
-1000.0,-1000.0,2.9635923,-1000.0,838240640.0
13.724975,-1000.0,-1000.0,-1000.0,838780500.0
13.705535,-1000.0,-1000.0,-1000.0,839141760.0
13.694735,-1000.0,-1000.0,-1000.0,839864300.0
18.248125,-1000.0,-1000.0,-1000.0,841671700.0
13.755216,-1000.0,-1000.0,-1000.0,846366900.0
-1000.0,-1000.0,2.9722326,-1000.0,849439740.0
-1000.0,-1000.0,3.3372815,-1000.0,851607400.0
-1000.0,-1000.0,2.9765527,-1000.0,853774900.0
14.122425,-1000.0,-1000.0,-1000.0,854314800.0
-1000.0,-1000.0,3.4323237,-1000.0,858110200.0
-1000.0,-1000.0,2.9722326,-1000.0,871477600.0
-1000.0,-1000.0,2.957112,-1000.0,871838900.0
13.724975,-1000.0,-1000.0,-1000.0,872378800.0
13.731455,-1000.0,-1000.0,-1000.0,872740100.0
13.755216,-1000.0,-1000.0,-1000.0,873101400.0
13.759536,-1000.0,-1000.0,-1000.0,873462660.0
-1000.0,-1000.0,3.4690447,-1000.0,873645440.0
13.753056,-1000.0,-1000.0,-1000.0,874185200.0
22.898718,-1000.0,-1000.0,-1000.0,874909900.0
20.43842,-1000.0,-1000.0,-1000.0,875270600.0
20.90067,-1000.0,-1000.0,-1000.0,883218560.0
14.245547,-1000.0,-1000.0,-1000.0,884300800.0
-1000.0,-1000.0,-1000.0,-1000.0,-1000.0
14.32331,-1000.0,-1000.0,-1000.0,886468400.0
13.828657,-1000.0,-1000.0,-1000.0,886829600.0
14.375151,-1000.0,-1000.0,-1000.0,887913500.0
-1000.0,-1000.0,9.83904,-1000.0,888097600.0
-1000.0,-1000.0,3.4690447,-1000.0,888818700.0
13.813537,-1000.0,-1000.0,-1000.0,889358400.0
14.286589,-1000.0,-1000.0,-1000.0,889719800.0
-1000.0,-1000.0,2.9635923,-1000.0,889902340.0
13.757376,-1000.0,-1000.0,-1000.0,890080960.0
-1000.0,-1000.0,3.4647245,-1000.0,891347500.0
13.658013,-1000.0,-1000.0,-1000.0,891526000.0
13.651533,-1000.0,-1000.0,-1000.0,891887300.0
13.653693,-1000.0,-1000.0,-1000.0,892248600.0
13.658013,-1000.0,-1000.0,-1000.0,892609860.0
13.623452,-1000.0,-1000.0,-1000.0,892971100.0
-1000.0,-1000.0,3.4647245,-1000.0,893515140.0
-1000.0,-1000.0,2.9679124,-1000.0,894960060.0
-1000.0,-1000.0,2.9527922,-1000.0,896766460.0
-1000.0,-1000.0,2.9679124,-1000.0,901101760.0
-1000.0,-1000.0,2.9679124,-1000.0,902908160.0
-1000.0,-1000.0,2.9679124,-1000.0,903269500.0
13.763856,-1000.0,-1000.0,-1000.0,910312260.0
13.727135,-1000.0,-1000.0,-1000.0,911034900.0
13.703375,-1000.0,-1000.0,-1000.0,911757500.0
-1000.0,-1000.0,3.4647245,-1000.0,911940300.0
13.699055,-1000.0,-1000.0,-1000.0,912118800.0
-1000.0,-1000.0,35.815834,-1000.0,913031600.0
-1000.0,13.809217,-1000.0,-1000.0,915460800.0
14.258508,-1000.0,-1000.0,-1000.0,917538370.0
-1000.0,-1000.0,2.9679124,-1000.0,921695100.0
-1000.0,-1000.0,-1000.0,-1000.0,-1000.0
14.239067,-1000.0,-1000.0,-1000.0,925486700.0
-1000.0,-1000.0,20.08201,-1000.0,926034600.0
-1000.0,-1000.0,-1000.0,-1000.0,-1000.0
-1000.0,-1000.0,2.957112,-1000.0,928559800.0
-1000.0,-1000.0,-1000.0,-1000.0,-1000.0
-1000.0,-1000.0,3.4733648,-1000.0,931811460.0
13.755216,-1000.0,-1000.0,-1000.0,933073800.0
13.699055,-1000.0,-1000.0,-1000.0,935602800.0
13.582412,-1000.0,-1000.0,-1000.0,936325400.0
-1000.0,-1000.0,22.13622,-1000.0,936873660.0
32.489353,-1000.0,-1000.0,-1000.0,939581440.0
14.195867,-1000.0,-1000.0,-1000.0,942467650.0
-1000.0,-1000.0,2.957112,-1000.0,942650200.0
14.210987,-1000.0,-1000.0,-1000.0,952584300.0
13.761696,-1000.0,-1000.0,-1000.0,954752000.0
13.707694,-1000.0,-1000.0,-1000.0,956197200.0
13.703375,-1000.0,-1000.0,-1000.0,956558460.0
14.204507,-1000.0,-1000.0,-1000.0,956919800.0
13.712014,-1000.0,-1000.0,-1000.0,957280960.0
13.729295,-1000.0,-1000.0,-1000.0,958364860.0
13.731455,-1000.0,-1000.0,-1000.0,976789950.0
13.746575,-1000.0,-1000.0,-1000.0,977151200.0
-1000.0,-1000.0,3.4539242,-1000.0,977334000.0
-1000.0,-1000.0,2.948472,-1000.0,977695170.0
-1000.0,-1000.0,29.333515,-1000.0,978785200.0
0.0,-1000.0,-1000.0,-1000.0,0.0
-1000.0,-1000.0,-1000.0,-1000.0,-1000.0
46.149525,-1000.0,-1000.0,-1000.0,1002086500.0
-1000.0,-1000.0,3.4280035,-1000.0,1003706940.0
-1000.0,-1000.0,3.4647245,-1000.0,1004068200.0
-1000.0,-1000.0,3.4560843,-1000.0,1005152000.0
13.714174,-1000.0,-1000.0,-1000.0,1006414400.0
13.712014,-1000.0,-1000.0,-1000.0,1006775700.0
13.699055,-1000.0,-1000.0,-1000.0,1007859600.0
13.647213,-1000.0,-1000.0,-1000.0,1008582140.0
13.6925745,-1000.0,-1000.0,-1000.0,1010027260.0
13.681774,-1000.0,-1000.0,-1000.0,1010749800.0
-1000.0,-1000.0,3.4690447,-1000.0,1014545300.0
-1000.0,-1000.0,44.27892,-1000.0,1017445000.0
55.29087,-1000.0,-1000.0,-1000.0,1020875100.0
55.537117,-1000.0,-1000.0,-1000.0,1021958900.0
-1000.0,-1000.0,42.764725,-1000.0,1022502340.0
-1000.0,-1000.0,46.145206,-1000.0,1024309400.0
-1000.0,-1000.0,48.454304,-1000.0,1025754940.0
-1000.0,-1000.0,46.471375,-1000.0,1026477060.0
-1000.0,-1000.0,44.557568,-1000.0,1026837800.0
-1000.0,-1000.0,45.91624,-1000.0,1027560700.0
55.139664,-1000.0,-1000.0,-1000.0,1028461440.0
-1000.0,-1000.0,50.264427,-1000.0,1029729200.0
-1000.0,-1000.0,46.996265,-1000.0,1031534800.0
60.751484,-1000.0,-1000.0,-1000.0,1032436600.0
-1000.0,-1000.0,48.41542,-1000.0,1032980100.0
51.25805,-1000.0,-1000.0,-1000.0,1033156860.0
-1000.0,-1000.0,52.42016,-1000.0,1033703550.0
-1000.0,-1000.0,51.68142,-1000.0,1034064640.0
-1000.0,-1000.0,49.069916,-1000.0,1034786500.0
57.813812,-1000.0,-1000.0,-1000.0,1034964700.0
58.73831,-1000.0,-1000.0,-1000.0,1035326140.0
60.62836,-1000.0,-1000.0,-1000.0,1035687900.0
58.911118,-1000.0,-1000.0,-1000.0,1036410050.0
-1000.0,-1000.0,53.068176,-1000.0,1036593860.0
-1000.0,-1000.0,52.04863,-1000.0,1036954900.0
59.10768,-1000.0,-1000.0,-1000.0,1037132700.0
-1000.0,-1000.0,53.40082,-1000.0,1038039040.0
-1000.0,-1000.0,54.733574,-1000.0,1038761860.0
-1000.0,-1000.0,52.910492,-1000.0,1041651700.0
63.82092,-1000.0,-1000.0,-1000.0,1042191600.0
-1000.0,-1000.0,54.95174,-1000.0,1043097200.0
66.90547,-1000.0,-1000.0,-1000.0,1045443800.0
68.98992,-1000.0,-1000.0,-1000.0,1046166800.0
-1000.0,-1000.0,58.047096,-1000.0,1046349440.0
-1000.0,-1000.0,56.036087,-1000.0,1047071500.0
67.508125,-1000.0,-1000.0,-1000.0,1047250240.0
-1000.0,-1000.0,57.839733,-1000.0,1047433200.0
-1000.0,-1000.0,61.799107,-1000.0,1047795400.0
68.12158,-1000.0,-1000.0,-1000.0,1048695500.0
65.41504,-1000.0,-1000.0,-1000.0,1049056200.0
70.14771,-1000.0,-1000.0,-1000.0,1049779840.0
-1000.0,-1000.0,-1000.0,-1000.0,-1000.0
-1000.0,-1000.0,59.585052,-1000.0,1051407550.0
69.426254,-1000.0,-1000.0,-1000.0,1051947200.0
-1000.0,-1000.0,62.481686,-1000.0,1052130700.0
-1000.0,-1000.0,-1000.0,-1000.0,-1000.0
69.421936,-1000.0,-1000.0,-1000.0,1053753500.0
-1000.0,-1000.0,-1000.0,-1000.0,-1000.0
66.79747,-1000.0,-1000.0,-1000.0,1054114100.0
69.67682,-1000.0,-1000.0,-1000.0,1054476100.0
-1000.0,-1000.0,61.656544,-1000.0,1054659460.0
-1000.0,-1000.0,60.66724,-1000.0,1055381800.0
-1000.0,-1000.0,63.749634,-1000.0,1056466370.0
72.62097,-1000.0,-1000.0,-1000.0,1057005800.0
-1000.0,-1000.0,61.753746,-1000.0,1057188500.0
75.562965,-1000.0,-1000.0,-1000.0,1057729100.0
80.135796,-1000.0,-1000.0,-1000.0,1072542340.0
-1000.0,-1000.0,70.015945,-1000.0,1084285600.0
-1000.0,-1000.0,69.12817,-1000.0,1084646700.0
78.57624,-1000.0,-1000.0,-1000.0,1085547500.0
-1000.0,-1000.0,-1000.0,4.4821095,1086042600.0
-1000.0,-1000.0,67.378525,-1000.0,1086091400.0
-1000.0,-1000.0,66.3633,-1000.0,1086452400.0
14.215307,-1000.0,-1000.0,-1000.0,1088784100.0
14.161305,-1000.0,-1000.0,-1000.0,1091674400.0
-1000.0,-1000.0,-1000.0,-1000.0,-1000.0
14.191546,-1000.0,-1000.0,-1000.0,1104680600.0
13.675294,-1000.0,-1000.0,-1000.0,1106486800.0
14.260668,-1000.0,-1000.0,-1000.0,1109015800.0
-1000.0,-1000.0,3.4647245,-1000.0,1111004900.0
13.714174,-1000.0,-1000.0,-1000.0,1111905900.0
13.696895,-1000.0,-1000.0,-1000.0,1112628500.0
13.670974,-1000.0,-1000.0,-1000.0,1114434800.0
-1000.0,-1000.0,83.14475,-1000.0,1122222700.0
-1000.0,-1000.0,82.74298,-1000.0,1122583800.0
-1000.0,-1000.0,82.35633,-1000.0,1122945000.0
101.671524,-1000.0,-1000.0,-1000.0,1123125600.0
-1000.0,-1000.0,81.00845,-1000.0,1124028500.0
-1000.0,-1000.0,80.72549,-1000.0,1124389800.0
102.187775,-1000.0,-1000.0,-1000.0,1131435300.0
-1000.0,-1000.0,76.59331,-1000.0,1131614500.0
-1000.0,-1000.0,77.759735,-1000.0,1132337300.0
-1000.0,-1000.0,78.26519,-1000.0,1132698600.0
102.85523,-1000.0,-1000.0,-1000.0,1133603000.0
100.693016,-1000.0,-1000.0,-1000.0,1134325000.0
-1000.0,-1000.0,80.33668,-1000.0,1135228000.0
-1000.0,-1000.0,80.60236,-1000.0,1135589400.0
-1000.0,-1000.0,80.781654,-1000.0,1135950600.0
-1000.0,-1000.0,80.9631,-1000.0,1136311900.0
96.51331,-1000.0,-1000.0,-1000.0,1137214300.0
-1000.0,-1000.0,-1000.0,-1000.0,-1000.0
14.264988,-1000.0,-1000.0,-1000.0,1165737900.0
-1000.0,-1000.0,-1000.0,-1000.0,-1000.0
109.86892,-1000.0,-1000.0,-1000.0,1168650400.0
-1000.0,-1000.0,80.52029,-1000.0,1169551400.0
-1000.0,-1000.0,80.505165,-1000.0,1170996500.0
-1000.0,-1000.0,80.33236,-1000.0,1171357700.0
-1000.0,-1000.0,79.96083,-1000.0,1172080300.0
-1000.0,-1000.0,79.79883,-1000.0,1172441500.0
-1000.0,-1000.0,78.82249,-1000.0,1174247700.0
119.332115,-1000.0,-1000.0,-1000.0,1174794500.0
14.191546,-1000.0,-1000.0,-1000.0,1179828100.0
0.0,-1000.0,-1000.0,-1000.0,0.0
-1000.0,-1000.0,-1000.0,-1000.0,-1000.0
148.37186,-1000.0,-1000.0,-1000.0,1209484500.0
0.0,-1000.0,-1000.0,-1000.0,0.0
0.0,-1000.0,-1000.0,-1000.0,0.0
