-1000.0,-1000.0,-1000.0,-1000.0,-1000.0
-1000.0,-1000.0,-1000.0,-1000.0,-1000.0
113.89742,-1000.0,-1000.0,-1000.0,2855513000.0
113.40709,-1000.0,-1000.0,-1000.0,2855874000.0
-1000.0,82.1684,-1000.0,-1000.0,2855957000.0
-1000.0,-1000.0,75.53272,-1000.0,2856050200.0
112.85628,-1000.0,-1000.0,-1000.0,2856235000.0
-1000.0,84.81447,-1000.0,-1000.0,2859928300.0
103.922295,-1000.0,-1000.0,-1000.0,2860203500.0
100.472694,-1000.0,-1000.0,-1000.0,2861646800.0
99.401306,-1000.0,-1000.0,-1000.0,2862007600.0
-1000.0,-1000.0,-1000.0,-1000.0,-1000.0
-1000.0,85.944176,-1000.0,-1000.0,2862455600.0
-1000.0,-1000.0,-1000.0,-1000.0,-1000.0
-1000.0,-1000.0,-1000.0,-1000.0,-1000.0
-1000.0,-1000.0,-1000.0,-1000.0,-1000.0
-1000.0,90.35932,-1000.0,-1000.0,2869315800.0
-1000.0,90.68765,-1000.0,-1000.0,2869676800.0
-1000.0,91.234146,-1000.0,-1000.0,2870038000.0
0.0,-1000.0,-1000.0,-1000.0,0.0
-1000.0,93.27756,-1000.0,-1000.0,2871121200.0
-1000.0,-1000.0,64.69142,-1000.0,2871209500.0
-1000.0,-1000.0,-1000.0,94.67511,2871306500.0
95.85666,-1000.0,-1000.0,-1000.0,2871392500.0
-1000.0,93.97093,-1000.0,-1000.0,2871482400.0
-1000.0,-1000.0,65.3632,-1000.0,2871570400.0
-1000.0,-1000.0,-1000.0,95.273445,2871667700.0
96.77468,-1000.0,-1000.0,-1000.0,2871753700.0
-1000.0,94.629745,-1000.0,-1000.0,2871843600.0
-1000.0,-1000.0,66.11705,-1000.0,2871931600.0
97.746704,-1000.0,-1000.0,-1000.0,2872115000.0
-1000.0,95.27776,-1000.0,-1000.0,2872204500.0
98.723045,-1000.0,-1000.0,-1000.0,2872476200.0
-1000.0,-1000.0,67.71333,-1000.0,2872654000.0
-1000.0,-1000.0,-1000.0,96.90212,2872751000.0
99.7642,-1000.0,-1000.0,-1000.0,2872837400.0
-1000.0,-1000.0,68.685356,-1000.0,2873015300.0
100.94574,-1000.0,-1000.0,-1000.0,2873198600.0
102.170494,-1000.0,-1000.0,-1000.0,2873560000.0
103.42764,-1000.0,-1000.0,-1000.0,2873921300.0
-1000.0,-1000.0,72.03992,-1000.0,2874099000.0
0.0,-1000.0,-1000.0,-1000.0,0.0
-1000.0,-1000.0,75.67313,-1000.0,2875182800.0
108.497284,-1000.0,-1000.0,-1000.0,2875366400.0
109.676674,-1000.0,-1000.0,-1000.0,2875727600.0
110.78478,-1000.0,-1000.0,-1000.0,2876088800.0
111.72873,-1000.0,-1000.0,-1000.0,2876450000.0
-1000.0,97.18293,-1000.0,-1000.0,2876536800.0
-1000.0,-1000.0,-1000.0,96.031624,2876721700.0
112.530106,-1000.0,-1000.0,-1000.0,2876811000.0
-1000.0,96.43124,-1000.0,-1000.0,2876897500.0
-1000.0,-1000.0,-1000.0,95.19569,2877082400.0
113.12628,-1000.0,-1000.0,-1000.0,2877172200.0
-1000.0,95.64713,-1000.0,-1000.0,2877258500.0
-1000.0,-1000.0,80.636925,-1000.0,2877349600.0
-1000.0,-1000.0,-1000.0,94.3187,2877443000.0
-1000.0,-1000.0,-1000.0,-1000.0,-1000.0
-1000.0,-1000.0,-1000.0,92.73538,2878164700.0
113.8175,-1000.0,-1000.0,-1000.0,2878255400.0
-1000.0,-1000.0,-1000.0,91.568954,2878886400.0
-1000.0,-1000.0,-1000.0,-1000.0,-1000.0
-1000.0,-1000.0,-1000.0,-1000.0,-1000.0
-1000.0,-1000.0,-1000.0,-1000.0,-1000.0
114.37263,-1000.0,-1000.0,-1000.0,2880060400.0
-1000.0,91.87352,-1000.0,-1000.0,2880145400.0
-1000.0,-1000.0,-1000.0,90.815094,2880330200.0
114.411514,-1000.0,-1000.0,-1000.0,2880421400.0
-1000.0,91.94264,-1000.0,-1000.0,2880506400.0
-1000.0,-1000.0,-1000.0,90.923096,2880691200.0
114.467674,-1000.0,-1000.0,-1000.0,2880782300.0
-1000.0,92.03769,-1000.0,-1000.0,2880867600.0
-1000.0,-1000.0,80.762215,-1000.0,2880959700.0
-1000.0,-1000.0,-1000.0,91.10022,2881052400.0
114.50655,-1000.0,-1000.0,-1000.0,2881143600.0
-1000.0,92.29689,-1000.0,-1000.0,2881228500.0
-1000.0,-1000.0,80.79461,-1000.0,2881320700.0
-1000.0,-1000.0,-1000.0,91.61215,2881774300.0
-1000.0,-1000.0,-1000.0,91.9232,2882135600.0
-1000.0,-1000.0,80.87885,-1000.0,2882403600.0
-1000.0,-1000.0,-1000.0,92.301216,2882496500.0
-1000.0,-1000.0,-1000.0,92.787224,2882857700.0
114.30567,-1000.0,-1000.0,-1000.0,2882948400.0
-1000.0,-1000.0,80.561325,-1000.0,2883125800.0
114.020546,-1000.0,-1000.0,-1000.0,2883309300.0
113.545334,-1000.0,-1000.0,-1000.0,2883670300.0
112.92972,-1000.0,-1000.0,-1000.0,2884031200.0
-1000.0,96.32755,-1000.0,-1000.0,2884117500.0
-1000.0,-1000.0,79.01689,-1000.0,2884208400.0
112.22122,-1000.0,-1000.0,-1000.0,2884392000.0
-1000.0,-1000.0,78.22631,-1000.0,2884569000.0
111.368,-1000.0,-1000.0,-1000.0,2884753000.0
110.426216,-1000.0,-1000.0,-1000.0,2885113600.0
-1000.0,98.87209,-1000.0,-1000.0,2885201200.0
-1000.0,-1000.0,76.299545,-1000.0,2885290800.0
-1000.0,-1000.0,-1000.0,98.943375,2885386200.0
-1000.0,99.57195,-1000.0,-1000.0,2885562400.0
-1000.0,-1000.0,75.18495,-1000.0,2885651500.0
-1000.0,-1000.0,-1000.0,99.790115,2885747500.0
-1000.0,100.24805,-1000.0,-1000.0,2885923600.0
-1000.0,-1000.0,74.0034,-1000.0,2886012200.0
-1000.0,-1000.0,-1000.0,100.58933,2886108700.0
107.02629,-1000.0,-1000.0,-1000.0,2886196000.0
-1000.0,100.8183,-1000.0,-1000.0,2886284800.0
-1000.0,-1000.0,72.82402,-1000.0,2886373000.0
-1000.0,-1000.0,-1000.0,101.32807,2886470000.0
105.799385,-1000.0,-1000.0,-1000.0,2886556700.0
-1000.0,101.37128,-1000.0,-1000.0,2886645800.0
-1000.0,-1000.0,71.618706,-1000.0,2886733800.0
-1000.0,-1000.0,-1000.0,101.98905,2886831000.0
104.51847,-1000.0,-1000.0,-1000.0,2886917400.0
-1000.0,101.83353,-1000.0,-1000.0,2887007000.0
-1000.0,-1000.0,70.39396,-1000.0,2887094500.0
103.25268,-1000.0,-1000.0,-1000.0,2887278000.0
-1000.0,102.23962,-1000.0,-1000.0,2887368200.0
-1000.0,-1000.0,69.18217,-1000.0,2887455200.0
101.98257,-1000.0,-1000.0,-1000.0,2887638800.0
-1000.0,102.60034,-1000.0,-1000.0,2887729200.0
-1000.0,-1000.0,67.93798,-1000.0,2887816000.0
100.66277,-1000.0,-1000.0,-1000.0,2887999500.0
-1000.0,102.80555,-1000.0,-1000.0,2888090400.0
94.83927,-1000.0,-1000.0,-1000.0,2889442000.0
-1000.0,102.35194,-1000.0,-1000.0,2889534200.0
-1000.0,-1000.0,-1000.0,-1000.0,-1000.0
-1000.0,101.928566,-1000.0,-1000.0,2889895200.0
-1000.0,99.08594,-1000.0,-1000.0,2891699200.0
-1000.0,98.515686,-1000.0,-1000.0,2892060200.0
86.84492,-1000.0,-1000.0,-1000.0,2892328200.0
-1000.0,98.001595,-1000.0,-1000.0,2892421000.0
86.443146,-1000.0,-1000.0,-1000.0,2892689200.0
-1000.0,97.51342,-1000.0,-1000.0,2892781800.0
86.23363,-1000.0,-1000.0,-1000.0,2893050000.0
86.06514,-1000.0,-1000.0,-1000.0,2893411000.0
86.0133,-1000.0,-1000.0,-1000.0,2893772000.0
85.96146,-1000.0,-1000.0,-1000.0,2894133000.0
86.0997,-1000.0,-1000.0,-1000.0,2894494000.0
86.91404,-1000.0,-1000.0,-1000.0,2895577000.0
87.492935,-1000.0,-1000.0,-1000.0,2895938300.0
88.19927,-1000.0,-1000.0,-1000.0,2896299500.0
-1000.0,-1000.0,56.05985,-1000.0,2896477000.0
89.08705,-1000.0,-1000.0,-1000.0,2896660700.0
-1000.0,-1000.0,92.046326,-1000.0,2897744400.0
-1000.0,-1000.0,93.14796,-1000.0,2898105600.0
-1000.0,-1000.0,94.24526,-1000.0,2898466800.0
-1000.0,-1000.0,-1000.0,-1000.0,-1000.0
-1000.0,101.20711,-1000.0,-1000.0,2899641600.0
98.85913,-1000.0,-1000.0,-1000.0,2899911700.0
-1000.0,101.07319,-1000.0,-1000.0,2900002600.0
-1000.0,-1000.0,-1000.0,101.967445,2900188000.0
99.79659,-1000.0,-1000.0,-1000.0,2900273200.0
-1000.0,100.8183,-1000.0,-1000.0,2900363500.0
100.675735,-1000.0,-1000.0,-1000.0,2900634400.0
-1000.0,100.399254,-1000.0,-1000.0,2900724500.0
-1000.0,-1000.0,67.320206,-1000.0,2900811500.0
101.32375,-1000.0,-1000.0,-1000.0,2900995300.0
-1000.0,99.93268,-1000.0,-1000.0,2901085200.0
-1000.0,-1000.0,67.95958,-1000.0,2901172700.0
-1000.0,-1000.0,-1000.0,100.36901,2901270500.0
101.7752,-1000.0,-1000.0,-1000.0,2901356500.0
-1000.0,-1000.0,68.41319,-1000.0,2901533700.0
-1000.0,-1000.0,-1000.0,99.716675,2901631200.0
102.07113,-1000.0,-1000.0,-1000.0,2901717500.0
-1000.0,98.75545,-1000.0,-1000.0,2901806800.0
-1000.0,-1000.0,68.75664,-1000.0,2901895000.0
-1000.0,-1000.0,-1000.0,99.04922,2901992200.0
102.263374,-1000.0,-1000.0,-1000.0,2902078500.0
-1000.0,-1000.0,-1000.0,-1000.0,-1000.0
-1000.0,-1000.0,69.0288,-1000.0,2902255900.0
-1000.0,-1000.0,-1000.0,98.405525,2902353000.0
102.40594,-1000.0,-1000.0,-1000.0,2902439700.0
-1000.0,97.53502,-1000.0,-1000.0,2902528800.0
-1000.0,-1000.0,-1000.0,97.78558,2902713900.0
102.47074,-1000.0,-1000.0,-1000.0,2902800600.0
-1000.0,-1000.0,-1000.0,97.208855,2903074600.0
102.44698,-1000.0,-1000.0,-1000.0,2903161600.0
-1000.0,96.474434,-1000.0,-1000.0,2903250400.0
-1000.0,-1000.0,69.63362,-1000.0,2903339000.0
-1000.0,-1000.0,-1000.0,96.69692,2903435500.0
102.20937,-1000.0,-1000.0,-1000.0,2903522600.0
-1000.0,96.05322,-1000.0,-1000.0,2903611400.0
-1000.0,-1000.0,69.79994,-1000.0,2903700000.0
-1000.0,-1000.0,-1000.0,96.27355,2903796500.0
-1000.0,-1000.0,69.95547,-1000.0,2904061200.0
-1000.0,-1000.0,-1000.0,-1000.0,-1000.0
101.857285,-1000.0,-1000.0,-1000.0,2904244500.0
-1000.0,-1000.0,70.07643,-1000.0,2904422100.0
-1000.0,-1000.0,-1000.0,-1000.0,-1000.0
-1000.0,95.141685,-1000.0,-1000.0,2904694000.0
-1000.0,-1000.0,-1000.0,95.439766,2904879400.0
101.31295,-1000.0,-1000.0,-1000.0,2904966400.0
-1000.0,94.981834,-1000.0,-1000.0,2905055000.0
-1000.0,-1000.0,70.48468,-1000.0,2905144000.0
-1000.0,-1000.0,-1000.0,95.26913,2905240300.0
101.11423,-1000.0,-1000.0,-1000.0,2905327400.0
-1000.0,94.830635,-1000.0,-1000.0,2905416000.0
-1000.0,-1000.0,70.78277,-1000.0,2905505300.0
-1000.0,-1000.0,-1000.0,95.24104,2905601000.0
-1000.0,94.78527,-1000.0,-1000.0,2905777000.0
-1000.0,-1000.0,71.12837,-1000.0,2905866200.0
-1000.0,-1000.0,-1000.0,95.12008,2905962000.0
-1000.0,94.77015,-1000.0,-1000.0,2906137900.0
-1000.0,-1000.0,71.55823,-1000.0,2906227500.0
-1000.0,-1000.0,-1000.0,95.08552,2906323000.0
100.8723,-1000.0,-1000.0,-1000.0,2906410200.0
-1000.0,-1000.0,-1000.0,-1000.0,-1000.0
100.79454,-1000.0,-1000.0,-1000.0,2906771000.0
100.714615,-1000.0,-1000.0,-1000.0,2907132200.0
-1000.0,-1000.0,-1000.0,94.772316,2907405800.0
100.712456,-1000.0,-1000.0,-1000.0,2907493000.0
100.61526,-1000.0,-1000.0,-1000.0,2908215000.0
100.55045,-1000.0,-1000.0,-1000.0,2908576000.0
0.0,-1000.0,-1000.0,-1000.0,0.0
-1000.0,94.35974,-1000.0,-1000.0,2913718000.0
-1000.0,94.39646,-1000.0,-1000.0,2914079200.0
-1000.0,-1000.0,71.85416,-1000.0,2914168600.0
-1000.0,94.446144,-1000.0,-1000.0,2914440200.0
-1000.0,-1000.0,70.89941,-1000.0,2914529500.0
-1000.0,94.57143,-1000.0,-1000.0,2914801200.0
96.32323,-1000.0,-1000.0,-1000.0,2915794200.0
-1000.0,-1000.0,66.456184,-1000.0,2915972400.0
95.83938,-1000.0,-1000.0,-1000.0,2916155100.0
0.0,-1000.0,-1000.0,-1000.0,0.0
96.491714,-1000.0,-1000.0,-1000.0,2921930500.0
96.5738,-1000.0,-1000.0,-1000.0,2922291500.0
-1000.0,90.61205,-1000.0,-1000.0,2922741500.0
-1000.0,90.238365,-1000.0,-1000.0,2923102200.0
97.5307,-1000.0,-1000.0,-1000.0,2923374600.0
-1000.0,-1000.0,-1000.0,-1000.0,-1000.0
-1000.0,88.53192,-1000.0,-1000.0,2924545800.0
98.316956,-1000.0,-1000.0,-1000.0,2924818700.0
98.25432,-1000.0,-1000.0,-1000.0,2925180000.0
-1000.0,-1000.0,-1000.0,-1000.0,-1000.0
-1000.0,-1000.0,-1000.0,-1000.0,-1000.0
-1000.0,88.12367,-1000.0,-1000.0,2925628700.0
98.50704,-1000.0,-1000.0,-1000.0,2925901800.0
-1000.0,-1000.0,-1000.0,-1000.0,-1000.0
-1000.0,-1000.0,46.633377,-1000.0,2926075000.0
98.79001,-1000.0,-1000.0,-1000.0,2926262800.0
-1000.0,88.48224,-1000.0,-1000.0,2926350600.0
99.1529,-1000.0,-1000.0,-1000.0,2926624000.0
-1000.0,-1000.0,-1000.0,-1000.0,-1000.0
99.8398,-1000.0,-1000.0,-1000.0,2926985000.0
-1000.0,89.977,-1000.0,-1000.0,2927073000.0
100.80102,-1000.0,-1000.0,-1000.0,2927346200.0
-1000.0,91.00734,-1000.0,-1000.0,2927434200.0
101.69744,-1000.0,-1000.0,-1000.0,2927707400.0
-1000.0,91.990166,-1000.0,-1000.0,2927795500.0
-1000.0,-1000.0,-1000.0,94.167496,2927981000.0
102.87683,-1000.0,-1000.0,-1000.0,2928068600.0
103.885574,-1000.0,-1000.0,-1000.0,2928429800.0
-1000.0,94.0163,-1000.0,-1000.0,2928518000.0
105.17081,-1000.0,-1000.0,-1000.0,2928791300.0
-1000.0,-1000.0,-1000.0,-1000.0,-1000.0
106.44308,-1000.0,-1000.0,-1000.0,2929152500.0
109.17986,-1000.0,-1000.0,-1000.0,2929875000.0
-1000.0,96.545715,-1000.0,-1000.0,2929962200.0
-1000.0,-1000.0,64.33501,-1000.0,2930049500.0
110.70702,-1000.0,-1000.0,-1000.0,2930236400.0
-1000.0,96.893486,-1000.0,-1000.0,2930323500.0
-1000.0,-1000.0,66.33306,-1000.0,2930411000.0
-1000.0,-1000.0,-1000.0,97.15053,2930508500.0
-1000.0,97.19805,-1000.0,-1000.0,2930684400.0
-1000.0,-1000.0,68.300865,-1000.0,2930772500.0
113.73325,-1000.0,-1000.0,-1000.0,2930959000.0
-1000.0,97.32765,-1000.0,-1000.0,2931045400.0
-1000.0,-1000.0,-1000.0,-1000.0,-1000.0
-1000.0,-1000.0,-1000.0,97.15053,2931230500.0
-1000.0,-1000.0,-1000.0,-1000.0,-1000.0
-1000.0,-1000.0,-1000.0,97.044685,2931591400.0
116.67093,-1000.0,-1000.0,-1000.0,2931681800.0
-1000.0,97.53286,-1000.0,-1000.0,2931767600.0
-1000.0,-1000.0,-1000.0,96.858925,2931952400.0
118.02744,-1000.0,-1000.0,-1000.0,2932043000.0
-1000.0,97.612785,-1000.0,-1000.0,2932128500.0
-1000.0,-1000.0,76.52851,-1000.0,2932218400.0
-1000.0,-1000.0,-1000.0,96.70556,2932313300.0
119.24139,-1000.0,-1000.0,-1000.0,2932404200.0
-1000.0,97.58686,-1000.0,-1000.0,2932489500.0
-1000.0,-1000.0,78.44663,-1000.0,2932579800.0
-1000.0,-1000.0,-1000.0,96.49819,2932674300.0
120.28253,-1000.0,-1000.0,-1000.0,2932765400.0
-1000.0,97.56742,-1000.0,-1000.0,2932850400.0
-1000.0,-1000.0,80.22652,-1000.0,2932941300.0
-1000.0,-1000.0,-1000.0,-1000.0,-1000.0
-1000.0,-1000.0,-1000.0,-1000.0,-1000.0
-1000.0,-1000.0,81.80336,-1000.0,2933302500.0
-1000.0,-1000.0,-1000.0,95.99922,2933396000.0
121.90906,-1000.0,-1000.0,-1000.0,2933487900.0
-1000.0,-1000.0,83.012985,-1000.0,2933663700.0
-1000.0,-1000.0,-1000.0,95.735695,2933757000.0
122.28706,-1000.0,-1000.0,-1000.0,2933848800.0
-1000.0,97.24126,-1000.0,-1000.0,2933933300.0
-1000.0,-1000.0,83.97637,-1000.0,2934025000.0
-1000.0,-1000.0,-1000.0,95.56289,2934118000.0
122.671555,-1000.0,-1000.0,-1000.0,2934209800.0
-1000.0,97.18293,-1000.0,-1000.0,2934294300.0
-1000.0,-1000.0,-1000.0,95.42897,2934478800.0
-1000.0,97.09653,-1000.0,-1000.0,2934655000.0
-1000.0,-1000.0,-1000.0,95.36417,2934839800.0
122.96316,-1000.0,-1000.0,-1000.0,2934931700.0
-1000.0,97.09653,-1000.0,-1000.0,2935016200.0
-1000.0,-1000.0,-1000.0,95.37929,2935200800.0
123.0258,-1000.0,-1000.0,-1000.0,2935293000.0
-1000.0,97.10949,-1000.0,-1000.0,2935377200.0
-1000.0,-1000.0,-1000.0,95.39441,2935561700.0
123.00636,-1000.0,-1000.0,-1000.0,2935654000.0
-1000.0,97.12677,-1000.0,-1000.0,2935738000.0
-1000.0,-1000.0,85.74329,-1000.0,2935830300.0
122.94156,-1000.0,-1000.0,-1000.0,2936014800.0
-1000.0,97.19805,-1000.0,-1000.0,2936099000.0
122.85948,-1000.0,-1000.0,-1000.0,2936375800.0
-1000.0,-1000.0,-1000.0,-1000.0,-1000.0
-1000.0,-1000.0,85.60505,-1000.0,2936552000.0
-1000.0,-1000.0,-1000.0,95.55641,2936644600.0
122.68452,-1000.0,-1000.0,-1000.0,2936736500.0
-1000.0,-1000.0,85.24864,-1000.0,2936913000.0
-1000.0,-1000.0,-1000.0,95.696815,2937005600.0
122.265465,-1000.0,-1000.0,-1000.0,2937097500.0
-1000.0,97.4443,-1000.0,-1000.0,2937182000.0
-1000.0,-1000.0,84.633026,-1000.0,2937273900.0
-1000.0,-1000.0,-1000.0,95.98626,2937366500.0
121.72761,-1000.0,-1000.0,-1000.0,2937458400.0
121.02127,-1000.0,-1000.0,-1000.0,2937819100.0
-1000.0,-1000.0,82.866104,-1000.0,2937995300.0
119.97581,-1000.0,-1000.0,-1000.0,2938179800.0
-1000.0,-1000.0,81.53551,-1000.0,2938356000.0
118.73162,-1000.0,-1000.0,-1000.0,2938540500.0
-1000.0,-1000.0,80.03211,-1000.0,2938716700.0
117.377266,-1000.0,-1000.0,-1000.0,2938901200.0
-1000.0,-1000.0,78.43368,-1000.0,2939077000.0
-1000.0,-1000.0,-1000.0,99.77931,2939172400.0
-1000.0,100.92846,-1000.0,-1000.0,2939348500.0
-1000.0,-1000.0,76.763954,-1000.0,2939437800.0
-1000.0,-1000.0,-1000.0,100.822624,2939533600.0
-1000.0,101.70176,-1000.0,-1000.0,2939709700.0
-1000.0,-1000.0,75.03375,-1000.0,2939798300.0
112.81307,-1000.0,-1000.0,-1000.0,2939983000.0
-1000.0,-1000.0,73.260345,-1000.0,2940159000.0
111.16927,-1000.0,-1000.0,-1000.0,2940343600.0
-1000.0,-1000.0,71.50423,-1000.0,2940519400.0
-1000.0,-1000.0,-1000.0,-1000.0,-1000.0
-1000.0,-1000.0,-1000.0,-1000.0,-1000.0
-1000.0,-1000.0,69.73946,-1000.0,2940880100.0
-1000.0,-1000.0,-1000.0,104.673996,2940978400.0
107.82551,-1000.0,-1000.0,-1000.0,2941064700.0
-1000.0,-1000.0,-1000.0,-1000.0,-1000.0
-1000.0,-1000.0,-1000.0,105.412735,2941339400.0
106.15579,-1000.0,-1000.0,-1000.0,2941425400.0
-1000.0,104.825195,-1000.0,-1000.0,2941515300.0
-1000.0,-1000.0,65.87729,-1000.0,2941601000.0
104.29382,-1000.0,-1000.0,-1000.0,2941785900.0
-1000.0,105.09088,-1000.0,-1000.0,2941876500.0
-1000.0,-1000.0,64.065,-1000.0,2941961700.0
-1000.0,-1000.0,-1000.0,107.62247,2942062000.0
-1000.0,105.23345,-1000.0,-1000.0,2942237400.0
100.59366,-1000.0,-1000.0,-1000.0,2942507000.0
-1000.0,105.21617,-1000.0,-1000.0,2942598400.0
-1000.0,-1000.0,-1000.0,-1000.0,-1000.0
-1000.0,104.732315,-1000.0,-1000.0,2943320300.0
-1000.0,-1000.0,57.554604,-1000.0,2943404000.0
-1000.0,-1000.0,-1000.0,106.69797,2943505700.0
94.940796,-1000.0,-1000.0,-1000.0,2943588900.0
-1000.0,104.29598,-1000.0,-1000.0,2943681300.0
-1000.0,-1000.0,56.05769,-1000.0,2943764700.0
-1000.0,-1000.0,-1000.0,101.725525,2945670700.0
87.08253,-1000.0,-1000.0,-1000.0,2945753000.0
-1000.0,98.04479,-1000.0,-1000.0,2945845800.0
86.754196,-1000.0,-1000.0,-1000.0,2946113800.0
-1000.0,96.70124,-1000.0,-1000.0,2946206500.0
-1000.0,95.349045,-1000.0,-1000.0,2946567200.0
-1000.0,-1000.0,-1000.0,97.431335,2946752500.0
-1000.0,88.138794,-1000.0,-1000.0,2948370400.0
87.69598,-1000.0,-1000.0,-1000.0,2948641000.0
-1000.0,86.80604,-1000.0,-1000.0,2948731000.0
0.0,-1000.0,-1000.0,-1000.0,0.0
-1000.0,85.45817,-1000.0,-1000.0,2949091600.0
-1000.0,-1000.0,-1000.0,-1000.0,-1000.0
88.30943,-1000.0,-1000.0,-1000.0,2950807000.0
-1000.0,79.347374,-1000.0,-1000.0,2950895400.0
-1000.0,-1000.0,52.690166,-1000.0,2950984000.0
-1000.0,-1000.0,-1000.0,80.209236,2951080400.0
-1000.0,78.31271,-1000.0,-1000.0,2951256000.0
-1000.0,-1000.0,-1000.0,79.22858,2951441400.0
88.065346,-1000.0,-1000.0,-1000.0,2951529000.0
-1000.0,-1000.0,-1000.0,78.42503,2951802000.0
88.09559,-1000.0,-1000.0,-1000.0,2951890200.0
-1000.0,76.72939,-1000.0,-1000.0,2951977700.0
-1000.0,-1000.0,52.780888,-1000.0,2952066800.0
-1000.0,-1000.0,-1000.0,77.74678,2952162800.0
89.82795,-1000.0,-1000.0,-1000.0,2953334500.0
-1000.0,76.40322,-1000.0,-1000.0,2953421600.0
-1000.0,-1000.0,-1000.0,-1000.0,-1000.0
-1000.0,-1000.0,60.61972,-1000.0,2955317800.0
-1000.0,80.05587,-1000.0,-1000.0,2955588400.0
-1000.0,-1000.0,62.174957,-1000.0,2955679200.0
-1000.0,-1000.0,-1000.0,80.72333,2955773700.0
-1000.0,-1000.0,63.762596,-1000.0,2956040400.0
-1000.0,-1000.0,-1000.0,-1000.0,-1000.0
102.97187,-1000.0,-1000.0,-1000.0,2956586500.0
106.41716,-1000.0,-1000.0,-1000.0,2957309400.0
108.06528,-1000.0,-1000.0,-1000.0,2957670700.0
109.62916,-1000.0,-1000.0,-1000.0,2958032100.0
-1000.0,-1000.0,74.37061,-1000.0,2958209000.0
111.12175,-1000.0,-1000.0,-1000.0,2958393300.0
-1000.0,-1000.0,-1000.0,-1000.0,-1000.0
-1000.0,-1000.0,-1000.0,-1000.0,-1000.0
-1000.0,-1000.0,77.68845,-1000.0,2958931700.0
-1000.0,84.37598,-1000.0,-1000.0,2959199500.0
-1000.0,-1000.0,79.11841,-1000.0,2959293200.0
-1000.0,-1000.0,-1000.0,83.123146,2959384300.0
114.76792,-1000.0,-1000.0,-1000.0,2959477200.0
-1000.0,84.46454,-1000.0,-1000.0,2959560700.0
-1000.0,-1000.0,80.451164,-1000.0,2959654400.0
-1000.0,-1000.0,-1000.0,83.02811,2959745300.0
-1000.0,-1000.0,81.67591,-1000.0,2960016000.0
-1000.0,-1000.0,82.77106,-1000.0,2960377000.0
-1000.0,-1000.0,-1000.0,82.60042,2960467200.0
-1000.0,-1000.0,83.658844,-1000.0,2960738300.0
-1000.0,-1000.0,-1000.0,82.28073,2960828200.0
-1000.0,-1000.0,-1000.0,81.92432,2961189000.0
-1000.0,-1000.0,-1000.0,-1000.0,-1000.0
-1000.0,-1000.0,-1000.0,81.17694,2961910800.0
-1000.0,-1000.0,-1000.0,80.96094,2962271700.0
-1000.0,-1000.0,84.5855,-1000.0,2964348400.0
-1000.0,-1000.0,-1000.0,80.86373,2964437800.0
-1000.0,-1000.0,84.14485,-1000.0,2964709000.0
-1000.0,-1000.0,-1000.0,81.850876,2965160000.0
117.509026,-1000.0,-1000.0,-1000.0,2965254000.0
-1000.0,83.81436,-1000.0,-1000.0,2965336300.0
-1000.0,-1000.0,82.80346,-1000.0,2965431000.0
116.81997,-1000.0,-1000.0,-1000.0,2965614800.0
-1000.0,84.5855,-1000.0,-1000.0,2965697500.0
-1000.0,-1000.0,81.84872,-1000.0,2965791700.0
115.98187,-1000.0,-1000.0,-1000.0,2965975600.0
-1000.0,85.47761,-1000.0,-1000.0,2966058800.0
-1000.0,-1000.0,80.69957,-1000.0,2966152400.0
-1000.0,-1000.0,-1000.0,84.73671,2966243600.0
114.962326,-1000.0,-1000.0,-1000.0,2966336300.0
-1000.0,86.50795,-1000.0,-1000.0,2966420000.0
-1000.0,-1000.0,79.308495,-1000.0,2966513200.0
-1000.0,-1000.0,-1000.0,85.97226,2966605000.0
113.76134,-1000.0,-1000.0,-1000.0,2966697200.0
-1000.0,87.55341,-1000.0,-1000.0,2966781200.0
-1000.0,-1000.0,-1000.0,-1000.0,-1000.0
-1000.0,-1000.0,-1000.0,-1000.0,-1000.0
-1000.0,88.58592,-1000.0,-1000.0,2967142700.0
-1000.0,-1000.0,-1000.0,88.36992,2967327500.0
111.130394,-1000.0,-1000.0,-1000.0,2967418600.0
-1000.0,89.575226,-1000.0,-1000.0,2967504000.0
109.676674,-1000.0,-1000.0,-1000.0,2967779000.0
-1000.0,90.53213,-1000.0,-1000.0,2967865000.0
-1000.0,-1000.0,73.109146,-1000.0,2967955700.0
-1000.0,-1000.0,-1000.0,90.756775,2968050200.0
108.15816,-1000.0,-1000.0,-1000.0,2968139800.0
-1000.0,91.47823,-1000.0,-1000.0,2968226300.0
-1000.0,-1000.0,71.48263,-1000.0,2968316400.0
-1000.0,-1000.0,-1000.0,-1000.0,-1000.0
-1000.0,92.42217,-1000.0,-1000.0,2968587500.0
-1000.0,-1000.0,69.905785,-1000.0,2968677000.0
105.12977,-1000.0,-1000.0,-1000.0,2968861200.0
-1000.0,-1000.0,68.43695,-1000.0,2969037800.0
-1000.0,-1000.0,-1000.0,94.2107,2969134000.0
103.67821,-1000.0,-1000.0,-1000.0,2969222000.0
-1000.0,-1000.0,66.98756,-1000.0,2969398500.0
-1000.0,-1000.0,-1000.0,95.39225,2969495300.0
102.168335,-1000.0,-1000.0,-1000.0,2969582600.0
-1000.0,95.23241,-1000.0,-1000.0,2969671200.0
-1000.0,-1000.0,65.6332,-1000.0,2969759200.0
-1000.0,96.105064,-1000.0,-1000.0,2970032400.0
-1000.0,-1000.0,64.21405,-1000.0,2970120000.0
-1000.0,96.951805,-1000.0,-1000.0,2970393600.0
-1000.0,-1000.0,94.405106,-1000.0,2971746600.0
93.31644,-1000.0,-1000.0,-1000.0,2972107500.0
92.301216,-1000.0,-1000.0,-1000.0,2972468200.0
-1000.0,-1000.0,-1000.0,102.88115,2972746000.0
-1000.0,100.70166,-1000.0,-1000.0,2972921300.0
90.1498,-1000.0,-1000.0,-1000.0,2973189600.0
-1000.0,100.9371,-1000.0,-1000.0,2973282600.0
-1000.0,101.652084,-1000.0,-1000.0,2977614600.0
83.55948,-1000.0,-1000.0,-1000.0,2977881300.0
-1000.0,-1000.0,-1000.0,-1000.0,-1000.0
86.974525,-1000.0,-1000.0,-1000.0,2980409000.0
-1000.0,100.53317,-1000.0,-1000.0,2980502500.0
-1000.0,-1000.0,-1000.0,103.168434,2980688100.0
87.83855,-1000.0,-1000.0,-1000.0,2980770300.0
-1000.0,-1000.0,-1000.0,-1000.0,-1000.0
-1000.0,-1000.0,-1000.0,102.62194,2981049000.0
88.784645,-1000.0,-1000.0,-1000.0,2981131800.0
-1000.0,99.72531,-1000.0,-1000.0,2981224400.0
-1000.0,99.25226,-1000.0,-1000.0,2981585400.0
-1000.0,-1000.0,-1000.0,101.377754,2981770800.0
90.9339,-1000.0,-1000.0,-1000.0,2981854200.0
-1000.0,98.80081,-1000.0,-1000.0,2981946000.0
-1000.0,-1000.0,-1000.0,100.714615,2982131700.0
92.158646,-1000.0,-1000.0,-1000.0,2982215400.0
-1000.0,-1000.0,-1000.0,-1000.0,-1000.0
-1000.0,-1000.0,-1000.0,99.97804,2982492400.0
96.822205,-1000.0,-1000.0,-1000.0,2983389700.0
-1000.0,-1000.0,-1000.0,-1000.0,-1000.0
-1000.0,94.204216,-1000.0,-1000.0,2985555000.0
-1000.0,93.247314,-1000.0,-1000.0,2986276900.0
-1000.0,-1000.0,69.886345,-1000.0,2986366200.0
103.809975,-1000.0,-1000.0,-1000.0,2986550000.0
-1000.0,92.75698,-1000.0,-1000.0,2986637800.0
-1000.0,-1000.0,70.83677,-1000.0,2986727400.0
104.326225,-1000.0,-1000.0,-1000.0,2986911200.0
-1000.0,92.27097,-1000.0,-1000.0,2986998500.0
-1000.0,-1000.0,71.68351,-1000.0,2987088600.0
104.749596,-1000.0,-1000.0,-1000.0,2987272200.0
-1000.0,91.860565,-1000.0,-1000.0,2987359500.0
105.13193,-1000.0,-1000.0,-1000.0,2987633400.0
-1000.0,91.48903,-1000.0,-1000.0,2987720400.0
-1000.0,-1000.0,73.091866,-1000.0,2987811000.0
-1000.0,90.67685,-1000.0,-1000.0,2989164300.0
-1000.0,-1000.0,75.06831,-1000.0,2989255400.0
105.79506,-1000.0,-1000.0,-1000.0,2989438500.0
-1000.0,90.63149,-1000.0,-1000.0,2989525200.0
-1000.0,-1000.0,75.39016,-1000.0,2989616400.0
-1000.0,90.63149,-1000.0,-1000.0,2989886200.0
-1000.0,-1000.0,75.59753,-1000.0,2989977600.0
105.69786,-1000.0,-1000.0,-1000.0,2990521300.0
-1000.0,-1000.0,-1000.0,-1000.0,-1000.0
-1000.0,-1000.0,-1000.0,-1000.0,-1000.0
-1000.0,-1000.0,-1000.0,-1000.0,-1000.0
-1000.0,-1000.0,-1000.0,91.26007,2992598300.0
105.36737,-1000.0,-1000.0,-1000.0,2992687400.0
-1000.0,91.5992,-1000.0,-1000.0,2992774400.0
-1000.0,-1000.0,75.582405,-1000.0,2992865300.0
105.39113,-1000.0,-1000.0,-1000.0,2993048300.0
-1000.0,91.826004,-1000.0,-1000.0,2993135400.0
-1000.0,-1000.0,-1000.0,-1000.0,-1000.0
105.432175,-1000.0,-1000.0,-1000.0,2993409300.0
-1000.0,92.18457,-1000.0,-1000.0,2993496300.0
-1000.0,-1000.0,75.37072,-1000.0,2993587200.0
-1000.0,-1000.0,-1000.0,92.13489,2993681400.0
105.6417,-1000.0,-1000.0,-1000.0,2993770200.0
-1000.0,-1000.0,-1000.0,92.6965,2994042400.0
105.911705,-1000.0,-1000.0,-1000.0,2994131200.0
-1000.0,-1000.0,75.36856,-1000.0,2994309000.0
-1000.0,-1000.0,-1000.0,-1000.0,-1000.0
106.21411,-1000.0,-1000.0,-1000.0,2994492400.0
0.0,-1000.0,-1000.0,-1000.0,0.0
106.54892,-1000.0,-1000.0,-1000.0,2994853400.0
-1000.0,-1000.0,75.226,-1000.0,2995031000.0
106.86645,-1000.0,-1000.0,-1000.0,2995214300.0
-1000.0,-1000.0,-1000.0,-1000.0,-1000.0
-1000.0,-1000.0,-1000.0,95.41385,2995487000.0
-1000.0,95.91066,-1000.0,-1000.0,2995663000.0
-1000.0,-1000.0,74.87175,-1000.0,2995753000.0
-1000.0,-1000.0,-1000.0,96.048904,2995848200.0
-1000.0,-1000.0,-1000.0,-1000.0,-1000.0
-1000.0,-1000.0,74.48726,-1000.0,2996114000.0
-1000.0,-1000.0,-1000.0,96.623474,2996209200.0
107.79959,-1000.0,-1000.0,-1000.0,2996297500.0
-1000.0,-1000.0,-1000.0,-1000.0,-1000.0
-1000.0,-1000.0,-1000.0,-1000.0,-1000.0
-1000.0,-1000.0,-1000.0,-1000.0,-1000.0
-1000.0,-1000.0,-1000.0,97.228294,2996570400.0
108.01991,-1000.0,-1000.0,-1000.0,2996658700.0
-1000.0,97.55446,-1000.0,-1000.0,2996746500.0
-1000.0,-1000.0,73.517395,-1000.0,2996835600.0
-1000.0,-1000.0,-1000.0,97.84175,2996931600.0
108.19056,-1000.0,-1000.0,-1000.0,2997019600.0
-1000.0,98.170074,-1000.0,-1000.0,2997107500.0
108.42817,-1000.0,-1000.0,-1000.0,2997380600.0
-1000.0,-1000.0,-1000.0,-1000.0,-1000.0
-1000.0,-1000.0,72.68145,-1000.0,2997557500.0
108.63769,-1000.0,-1000.0,-1000.0,2997741800.0
-1000.0,99.848434,-1000.0,-1000.0,2997830000.0
-1000.0,-1000.0,72.27753,-1000.0,2997918200.0
-1000.0,-1000.0,-1000.0,100.56773,2998015000.0
108.70897,-1000.0,-1000.0,-1000.0,2998102800.0
-1000.0,100.932785,-1000.0,-1000.0,2998191000.0
-1000.0,-1000.0,71.860634,-1000.0,2998279200.0
-1000.0,-1000.0,-1000.0,101.70176,2998376200.0
108.57073,-1000.0,-1000.0,-1000.0,2998463700.0
-1000.0,102.06897,-1000.0,-1000.0,2998552300.0
-1000.0,-1000.0,71.40702,-1000.0,2998639900.0
-1000.0,-1000.0,-1000.0,102.93731,2998737700.0
108.37849,-1000.0,-1000.0,-1000.0,2998824400.0
-1000.0,103.202995,-1000.0,-1000.0,2998913500.0
-1000.0,-1000.0,71.07654,-1000.0,2999000800.0
-1000.0,-1000.0,-1000.0,104.11454,2999099000.0
108.0588,-1000.0,-1000.0,-1000.0,2999185400.0
-1000.0,104.291664,-1000.0,-1000.0,2999274800.0
-1000.0,-1000.0,-1000.0,105.24209,2999460000.0
107.71535,-1000.0,-1000.0,-1000.0,2999546400.0
-1000.0,105.27017,-1000.0,-1000.0,2999636000.0
-1000.0,-1000.0,-1000.0,106.19899,2999821300.0
-1000.0,106.01971,-1000.0,-1000.0,2999997200.0
-1000.0,-1000.0,70.08723,-1000.0,3000083700.0
-1000.0,-1000.0,-1000.0,106.855644,3000182300.0
-1000.0,-1000.0,69.91227,-1000.0,3000444400.0
-1000.0,-1000.0,-1000.0,107.33734,3000543500.0
-1000.0,106.90965,-1000.0,-1000.0,3000719400.0
-1000.0,-1000.0,69.87122,-1000.0,3000805400.0
-1000.0,-1000.0,-1000.0,107.51231,3000904400.0
-1000.0,106.97229,-1000.0,-1000.0,3001080300.0
-1000.0,-1000.0,69.88203,-1000.0,3001166300.0
-1000.0,106.77357,-1000.0,-1000.0,3001441000.0
-1000.0,-1000.0,69.95763,-1000.0,3001527600.0
-1000.0,106.20331,-1000.0,-1000.0,3001802000.0
107.125656,-1000.0,-1000.0,-1000.0,3002072800.0
-1000.0,-1000.0,69.849625,-1000.0,3002249200.0
-1000.0,-1000.0,69.72866,-1000.0,3002610200.0
-1000.0,-1000.0,-1000.0,-1000.0,-1000.0
-1000.0,-1000.0,69.63794,-1000.0,3002971100.0
107.4475,-1000.0,-1000.0,-1000.0,3003156000.0
-1000.0,-1000.0,69.404655,-1000.0,3003332000.0
107.61599,-1000.0,-1000.0,-1000.0,3003517000.0
-1000.0,-1000.0,69.20593,-1000.0,3003693000.0
107.72831,-1000.0,-1000.0,-1000.0,3003878000.0
-1000.0,-1000.0,68.91432,-1000.0,3004053800.0
107.76503,-1000.0,-1000.0,-1000.0,3004238800.0
-1000.0,-1000.0,68.64432,-1000.0,3004414700.0
108.13224,-1000.0,-1000.0,-1000.0,3004599800.0
-1000.0,-1000.0,68.322464,-1000.0,3005136600.0
108.40872,-1000.0,-1000.0,-1000.0,3005321700.0
-1000.0,-1000.0,68.24902,-1000.0,3005497300.0
104.639435,-1000.0,-1000.0,-1000.0,3011818000.0
104.06486,-1000.0,-1000.0,-1000.0,3012179000.0
-1000.0,-1000.0,-1000.0,-1000.0,-1000.0
103.01292,-1000.0,-1000.0,-1000.0,3012900600.0
-1000.0,-1000.0,-1000.0,-1000.0,-1000.0
0.0,-1000.0,-1000.0,-1000.0,0.0
-1000.0,-1000.0,-1000.0,-1000.0,-1000.0
-1000.0,-1000.0,66.069534,-1000.0,3014160000.0
-1000.0,-1000.0,66.11489,-1000.0,3014520800.0
-1000.0,-1000.0,66.19266,-1000.0,3014882000.0
102.094894,-1000.0,-1000.0,-1000.0,3015066000.0
102.19641,-1000.0,-1000.0,-1000.0,3015427300.0
102.2893,-1000.0,-1000.0,-1000.0,3015788300.0
-1000.0,-1000.0,-1000.0,90.82158,3017504800.0
101.95881,-1000.0,-1000.0,-1000.0,3017593000.0
-1000.0,-1000.0,-1000.0,-1000.0,-1000.0
101.27407,-1000.0,-1000.0,-1000.0,3017953800.0
-1000.0,-1000.0,-1000.0,-1000.0,-1000.0
100.345245,-1000.0,-1000.0,-1000.0,3018314800.0
-1000.0,89.74803,-1000.0,-1000.0,3018402600.0
-1000.0,-1000.0,63.583313,-1000.0,3018491100.0
-1000.0,-1000.0,-1000.0,90.51269,3018587600.0
99.28682,-1000.0,-1000.0,-1000.0,3018675500.0
-1000.0,-1000.0,-1000.0,-1000.0,-1000.0
-1000.0,-1000.0,-1000.0,90.53429,3018948600.0
98.129036,-1000.0,-1000.0,-1000.0,3019036200.0
-1000.0,89.65515,-1000.0,-1000.0,3019124500.0
-1000.0,-1000.0,-1000.0,90.679016,3019309800.0
96.90861,-1000.0,-1000.0,-1000.0,3019396900.0
-1000.0,89.67459,-1000.0,-1000.0,3019485400.0
-1000.0,-1000.0,60.853004,-1000.0,3019573500.0
-1000.0,-1000.0,-1000.0,90.830215,3019670800.0
95.57801,-1000.0,-1000.0,-1000.0,3019757600.0
-1000.0,89.69403,-1000.0,-1000.0,3019846400.0
-1000.0,-1000.0,-1000.0,91.00302,3020031700.0
94.3079,-1000.0,-1000.0,-1000.0,3020118300.0
-1000.0,89.74371,-1000.0,-1000.0,3020207400.0
-1000.0,89.73723,-1000.0,-1000.0,3020568300.0
84.209656,-1000.0,-1000.0,-1000.0,3023725800.0
-1000.0,-1000.0,-1000.0,84.576866,3024362000.0
-1000.0,81.93296,-1000.0,-1000.0,3024537300.0
-1000.0,81.39943,-1000.0,-1000.0,3024898000.0
82.65874,-1000.0,-1000.0,-1000.0,3025530000.0
-1000.0,81.28926,-1000.0,-1000.0,3025620000.0
-1000.0,-1000.0,-1000.0,83.76036,3025805800.0
82.99786,-1000.0,-1000.0,-1000.0,3025891300.0
-1000.0,81.682396,-1000.0,-1000.0,3025981200.0
-1000.0,82.32609,-1000.0,-1000.0,3026342100.0
85.06503,-1000.0,-1000.0,-1000.0,3026974700.0
-1000.0,85.445206,-1000.0,-1000.0,3027425800.0
101.51384,-1000.0,-1000.0,-1000.0,3031309800.0
-1000.0,96.20875,-1000.0,-1000.0,3031398700.0
102.89411,-1000.0,-1000.0,-1000.0,3031671000.0
-1000.0,96.33187,-1000.0,-1000.0,3031760000.0
-1000.0,-1000.0,69.51266,-1000.0,3031848200.0
-1000.0,-1000.0,-1000.0,96.58892,3031944700.0
104.1815,-1000.0,-1000.0,-1000.0,3032032300.0
-1000.0,-1000.0,70.84109,-1000.0,3032209700.0
-1000.0,-1000.0,-1000.0,96.20443,3032305700.0
105.46241,-1000.0,-1000.0,-1000.0,3032393500.0
-1000.0,95.86314,-1000.0,-1000.0,3032481500.0
-1000.0,-1000.0,-1000.0,-1000.0,-1000.0
106.48844,-1000.0,-1000.0,-1000.0,3032754700.0
-1000.0,95.37929,-1000.0,-1000.0,3032842500.0
-1000.0,-1000.0,-1000.0,-1000.0,-1000.0
107.45182,-1000.0,-1000.0,-1000.0,3033116000.0
-1000.0,94.75935,-1000.0,-1000.0,3033203200.0
-1000.0,-1000.0,73.95589,-1000.0,3033293000.0
-1000.0,-1000.0,-1000.0,-1000.0,-1000.0
108.17112,-1000.0,-1000.0,-1000.0,3033477000.0
-1000.0,94.094055,-1000.0,-1000.0,3033564000.0
-1000.0,-1000.0,74.63198,-1000.0,3033654300.0
-1000.0,-1000.0,-1000.0,93.374756,3033748700.0
108.823456,-1000.0,-1000.0,-1000.0,3033838000.0
-1000.0,-1000.0,75.17416,-1000.0,3034015200.0
-1000.0,-1000.0,-1000.0,92.530174,3034109400.0
109.28139,-1000.0,-1000.0,-1000.0,3034199000.0
-1000.0,-1000.0,75.675285,-1000.0,3034376400.0
-1000.0,-1000.0,-1000.0,-1000.0,-1000.0
109.78684,-1000.0,-1000.0,-1000.0,3034560300.0
-1000.0,91.84976,-1000.0,-1000.0,3034646300.0
-1000.0,-1000.0,76.1397,-1000.0,3034737400.0
-1000.0,-1000.0,-1000.0,90.89934,3034831000.0
110.21885,-1000.0,-1000.0,-1000.0,3034921200.0
-1000.0,91.16502,-1000.0,-1000.0,3035007000.0
-1000.0,-1000.0,-1000.0,90.1822,3035191800.0
110.71134,-1000.0,-1000.0,-1000.0,3035282200.0
-1000.0,90.51917,-1000.0,-1000.0,3035368000.0
-1000.0,-1000.0,77.10956,-1000.0,3035459600.0
-1000.0,-1000.0,-1000.0,89.503944,3035552500.0
-1000.0,-1000.0,77.481094,-1000.0,3035820500.0
-1000.0,-1000.0,-1000.0,88.877525,3035913500.0
-1000.0,-1000.0,-1000.0,-1000.0,-1000.0
-1000.0,-1000.0,-1000.0,88.37424,3036274200.0
111.81729,-1000.0,-1000.0,-1000.0,3036365300.0
-1000.0,89.03521,-1000.0,-1000.0,3036450300.0
-1000.0,-1000.0,-1000.0,-1000.0,-1000.0
-1000.0,-1000.0,-1000.0,-1000.0,-1000.0
-1000.0,88.75873,-1000.0,-1000.0,3036811300.0
-1000.0,-1000.0,78.146385,-1000.0,3036903400.0
-1000.0,-1000.0,-1000.0,-1000.0,-1000.0
112.13482,-1000.0,-1000.0,-1000.0,3037087200.0
-1000.0,88.62264,-1000.0,-1000.0,3037172200.0
-1000.0,-1000.0,78.19391,-1000.0,3037264400.0
112.15858,-1000.0,-1000.0,-1000.0,3037448200.0
-1000.0,88.633446,-1000.0,-1000.0,3037533200.0
-1000.0,-1000.0,78.18743,-1000.0,3037625300.0
112.09593,-1000.0,-1000.0,-1000.0,3037809200.0
-1000.0,88.6788,-1000.0,-1000.0,3037894100.0
-1000.0,-1000.0,78.1507,-1000.0,3037986300.0
-1000.0,-1000.0,-1000.0,87.862305,3038079000.0
111.99009,-1000.0,-1000.0,-1000.0,3038170000.0
-1000.0,88.80841,-1000.0,-1000.0,3038255000.0
-1000.0,-1000.0,78.0751,-1000.0,3038347300.0
-1000.0,-1000.0,-1000.0,87.99623,3038440000.0
0.0,-1000.0,-1000.0,-1000.0,0.0
-1000.0,88.96609,-1000.0,-1000.0,3038616000.0
-1000.0,-1000.0,77.98654,-1000.0,3038708200.0
111.793526,-1000.0,-1000.0,-1000.0,3038892000.0
-1000.0,-1000.0,77.8915,-1000.0,3039069200.0
-1000.0,-1000.0,-1000.0,88.52112,3039161900.0
-1000.0,-1000.0,-1000.0,-1000.0,-1000.0
-1000.0,-1000.0,-1000.0,-1000.0,-1000.0
-1000.0,-1000.0,-1000.0,88.86457,3039522800.0
111.5192,-1000.0,-1000.0,-1000.0,3039614000.0
-1000.0,89.89923,-1000.0,-1000.0,3039699000.0
-1000.0,-1000.0,-1000.0,89.40026,3039884000.0
111.238396,-1000.0,-1000.0,-1000.0,3039974700.0
-1000.0,-1000.0,-1000.0,90.054756,3040245000.0
110.89494,-1000.0,-1000.0,-1000.0,3040335600.0
-1000.0,-1000.0,76.63435,-1000.0,3040512800.0
-1000.0,-1000.0,-1000.0,90.849655,3040606200.0
110.49534,-1000.0,-1000.0,-1000.0,3040696600.0
-1000.0,-1000.0,76.191536,-1000.0,3040873500.0
-1000.0,-1000.0,-1000.0,-1000.0,-1000.0
-1000.0,-1000.0,-1000.0,-1000.0,-1000.0
110.12165,-1000.0,-1000.0,-1000.0,3041057300.0
-1000.0,-1000.0,75.78761,-1000.0,3041234400.0
-1000.0,-1000.0,-1000.0,92.951385,3041328600.0
109.9078,-1000.0,-1000.0,-1000.0,3041418200.0
-1000.0,94.001175,-1000.0,-1000.0,3041504800.0
-1000.0,-1000.0,75.53056,-1000.0,3041595100.0
-1000.0,-1000.0,-1000.0,94.130775,3041689900.0
109.80412,-1000.0,-1000.0,-1000.0,3041779200.0
-1000.0,95.15248,-1000.0,-1000.0,3041866000.0
-1000.0,-1000.0,75.41824,-1000.0,3041956000.0
-1000.0,-1000.0,-1000.0,95.37281,3042051000.0
110.00069,-1000.0,-1000.0,-1000.0,3042140200.0
-1000.0,96.38155,-1000.0,-1000.0,3042227200.0
-1000.0,-1000.0,75.38584,-1000.0,3042317000.0
-1000.0,-1000.0,-1000.0,96.67316,3042412300.0
-1000.0,97.65598,-1000.0,-1000.0,3042588400.0
-1000.0,-1000.0,75.44848,-1000.0,3042678000.0
-1000.0,-1000.0,-1000.0,98.05344,3042773500.0
-1000.0,98.99306,-1000.0,-1000.0,3042949600.0
-1000.0,-1000.0,75.5392,-1000.0,3043039000.0
110.60766,-1000.0,-1000.0,-1000.0,3043223000.0
-1000.0,100.22861,-1000.0,-1000.0,3043310800.0
-1000.0,-1000.0,75.714165,-1000.0,3043400000.0
-1000.0,-1000.0,-1000.0,-1000.0,-1000.0
-1000.0,-1000.0,-1000.0,-1000.0,-1000.0
-1000.0,-1000.0,76.09002,-1000.0,3044121900.0
111.09367,-1000.0,-1000.0,-1000.0,3044306000.0
-1000.0,-1000.0,-1000.0,-1000.0,-1000.0
-1000.0,-1000.0,76.3125,-1000.0,3044482800.0
-1000.0,-1000.0,-1000.0,-1000.0,-1000.0
-1000.0,-1000.0,-1000.0,-1000.0,-1000.0
-1000.0,-1000.0,-1000.0,-1000.0,-1000.0
111.5192,-1000.0,-1000.0,-1000.0,3045027800.0
-1000.0,103.164116,-1000.0,-1000.0,3045116200.0
111.71145,-1000.0,-1000.0,-1000.0,3045388800.0
-1000.0,-1000.0,-1000.0,-1000.0,-1000.0
-1000.0,-1000.0,-1000.0,-1000.0,-1000.0
-1000.0,-1000.0,-1000.0,-1000.0,-1000.0
-1000.0,99.276024,-1000.0,-1000.0,3047641900.0
-1000.0,-1000.0,71.906,-1000.0,3047730400.0
-1000.0,-1000.0,-1000.0,99.219864,3047827000.0
-1000.0,98.91962,-1000.0,-1000.0,3048002800.0
-1000.0,-1000.0,70.17579,-1000.0,3048091000.0
-1000.0,-1000.0,-1000.0,99.12266,3048188000.0
-1000.0,-1000.0,-1000.0,-1000.0,-1000.0
-1000.0,-1000.0,68.51255,-1000.0,3048451300.0
-1000.0,-1000.0,-1000.0,99.053535,3048548900.0
-1000.0,98.38176,-1000.0,-1000.0,3048724500.0
-1000.0,-1000.0,66.65059,-1000.0,3048812000.0
-1000.0,-1000.0,-1000.0,98.97146,3048909600.0
101.81193,-1000.0,-1000.0,-1000.0,3048996000.0
-1000.0,-1000.0,64.868546,-1000.0,3049172500.0
-1000.0,-1000.0,-1000.0,99.00385,3049270500.0
99.78147,-1000.0,-1000.0,-1000.0,3049356500.0
-1000.0,-1000.0,63.17506,-1000.0,3049533200.0
-1000.0,-1000.0,-1000.0,-1000.0,-1000.0
0.0,-1000.0,-1000.0,-1000.0,0.0
-1000.0,-1000.0,-1000.0,-1000.0,-1000.0
86.8838,-1000.0,-1000.0,-1000.0,3052241400.0
-1000.0,96.18931,-1000.0,-1000.0,3052333600.0
-1000.0,96.20443,-1000.0,-1000.0,3052694500.0
84.855515,-1000.0,-1000.0,-1000.0,3052962800.0
-1000.0,96.20011,-1000.0,-1000.0,3053055500.0
0.0,-1000.0,-1000.0,-1000.0,0.0
-1000.0,-1000.0,-1000.0,98.97578,3053241300.0
84.01741,-1000.0,-1000.0,-1000.0,3053323500.0
-1000.0,96.20227,-1000.0,-1000.0,3053416400.0
-1000.0,96.12882,-1000.0,-1000.0,3053777400.0
82.643616,-1000.0,-1000.0,-1000.0,3054045200.0
-1000.0,95.9625,-1000.0,-1000.0,3054499300.0
-1000.0,95.68601,-1000.0,-1000.0,3055582200.0
-1000.0,95.696815,-1000.0,-1000.0,3055943200.0
84.06925,-1000.0,-1000.0,-1000.0,3056572200.0
-1000.0,-1000.0,-1000.0,-1000.0,-1000.0
85.03047,-1000.0,-1000.0,-1000.0,3056933400.0
-1000.0,-1000.0,53.70971,-1000.0,3057111000.0
87.72406,-1000.0,-1000.0,-1000.0,3057655800.0
89.24042,-1000.0,-1000.0,-1000.0,3058017300.0
-1000.0,-1000.0,56.809387,-1000.0,3058194700.0
-1000.0,-1000.0,-1000.0,-1000.0,-1000.0
-1000.0,-1000.0,-1000.0,98.25648,3059738400.0
97.781265,-1000.0,-1000.0,-1000.0,3059824000.0
-1000.0,96.88052,-1000.0,-1000.0,3059914000.0
-1000.0,-1000.0,-1000.0,97.93679,3060099300.0
99.39483,-1000.0,-1000.0,-1000.0,3060185300.0
-1000.0,96.92805,-1000.0,-1000.0,3060275000.0
-1000.0,-1000.0,65.698006,-1000.0,3060362800.0
-1000.0,-1000.0,-1000.0,97.71214,3060460300.0
100.915504,-1000.0,-1000.0,-1000.0,3060546800.0
-1000.0,96.97989,-1000.0,-1000.0,3060636200.0
-1000.0,-1000.0,67.25972,-1000.0,3060724000.0
102.39946,-1000.0,-1000.0,-1000.0,3060908000.0
-1000.0,96.99717,-1000.0,-1000.0,3060997000.0
-1000.0,-1000.0,68.724236,-1000.0,3061085200.0
103.76461,-1000.0,-1000.0,-1000.0,3061269200.0
-1000.0,97.01661,-1000.0,-1000.0,3061358000.0
-1000.0,-1000.0,70.16715,-1000.0,3061446700.0
-1000.0,-1000.0,-1000.0,97.32765,3061543200.0
105.07577,-1000.0,-1000.0,-1000.0,3061630700.0
-1000.0,97.025246,-1000.0,-1000.0,3061719000.0
-1000.0,-1000.0,-1000.0,-1000.0,-1000.0
-1000.0,-1000.0,-1000.0,97.14837,3061904100.0
106.3502,-1000.0,-1000.0,-1000.0,3061992000.0
-1000.0,96.99501,-1000.0,-1000.0,3062080000.0
-1000.0,-1000.0,72.84994,-1000.0,3062169000.0
-1000.0,-1000.0,-1000.0,96.92805,3062265000.0
107.5015,-1000.0,-1000.0,-1000.0,3062353200.0
-1000.0,96.91077,-1000.0,-1000.0,3062441000.0
-1000.0,-1000.0,-1000.0,-1000.0,-1000.0
-1000.0,-1000.0,-1000.0,96.6602,3062625800.0
108.60745,-1000.0,-1000.0,-1000.0,3062714400.0
-1000.0,96.79844,-1000.0,-1000.0,3062802000.0
-1000.0,-1000.0,-1000.0,96.362114,3062986800.0
109.8214,-1000.0,-1000.0,-1000.0,3063075600.0
-1000.0,96.623474,-1000.0,-1000.0,3063163000.0
-1000.0,-1000.0,-1000.0,95.99706,3063347700.0
110.78478,-1000.0,-1000.0,-1000.0,3063436800.0
111.4868,-1000.0,-1000.0,-1000.0,3063798000.0
-1000.0,-1000.0,78.24143,-1000.0,3063975200.0
112.13266,-1000.0,-1000.0,-1000.0,3064159000.0
-1000.0,-1000.0,78.85056,-1000.0,3064336400.0
-1000.0,-1000.0,79.28474,-1000.0,3064697300.0
112.74827,-1000.0,-1000.0,-1000.0,3064881200.0
-1000.0,-1000.0,79.49426,-1000.0,3065058300.0
112.77851,-1000.0,-1000.0,-1000.0,3065242000.0
-1000.0,-1000.0,79.55258,-1000.0,3065419300.0
112.67267,-1000.0,-1000.0,-1000.0,3065603000.0
-1000.0,-1000.0,79.52234,-1000.0,3065780200.0
112.50419,-1000.0,-1000.0,-1000.0,3065964000.0
-1000.0,95.26264,-1000.0,-1000.0,3066050000.0
-1000.0,-1000.0,79.3517,-1000.0,3066141200.0
-1000.0,-1000.0,-1000.0,94.39214,3066235000.0
112.216896,-1000.0,-1000.0,-1000.0,3066324700.0
-1000.0,95.0704,-1000.0,-1000.0,3066411000.0
-1000.0,-1000.0,79.03633,-1000.0,3066502100.0
-1000.0,-1000.0,-1000.0,94.20206,3066595800.0
-1000.0,94.78743,-1000.0,-1000.0,3066772000.0
-1000.0,-1000.0,-1000.0,93.871574,3066956800.0
111.497604,-1000.0,-1000.0,-1000.0,3067046700.0
-1000.0,94.333824,-1000.0,-1000.0,3067132700.0
-1000.0,-1000.0,-1000.0,93.3726,3067317500.0
-1000.0,-1000.0,-1000.0,-1000.0,-1000.0
-1000.0,93.70093,-1000.0,-1000.0,3067493600.0
-1000.0,-1000.0,77.87854,-1000.0,3067584800.0
-1000.0,-1000.0,-1000.0,92.726746,3067678500.0
110.484535,-1000.0,-1000.0,-1000.0,3067768300.0
-1000.0,92.98163,-1000.0,-1000.0,3067854300.0
-1000.0,-1000.0,77.44437,-1000.0,3067945500.0
-1000.0,-1000.0,-1000.0,91.9988,3068039200.0
109.927246,-1000.0,-1000.0,-1000.0,3068129000.0
-1000.0,-1000.0,77.09012,-1000.0,3068306400.0
-1000.0,-1000.0,-1000.0,91.21255,3068399900.0
109.39155,-1000.0,-1000.0,-1000.0,3068489700.0
-1000.0,-1000.0,76.80283,-1000.0,3068667400.0
-1000.0,-1000.0,-1000.0,90.47165,3068760600.0
108.81914,-1000.0,-1000.0,-1000.0,3068850700.0
-1000.0,-1000.0,76.57387,-1000.0,3069028000.0
108.27696,-1000.0,-1000.0,-1000.0,3069211400.0
-1000.0,89.851715,-1000.0,-1000.0,3069297400.0
-1000.0,-1000.0,76.40106,-1000.0,3069389000.0
-1000.0,-1000.0,-1000.0,-1000.0,-1000.0
-1000.0,-1000.0,-1000.0,-1000.0,-1000.0
-1000.0,-1000.0,-1000.0,-1000.0,-1000.0
-1000.0,-1000.0,-1000.0,-1000.0,-1000.0
106.08883,-1000.0,-1000.0,-1000.0,3071015700.0
105.7065,-1000.0,-1000.0,-1000.0,3071376600.0
-1000.0,86.06946,-1000.0,-1000.0,3071462400.0
105.32417,-1000.0,-1000.0,-1000.0,3071737600.0
104.9332,-1000.0,-1000.0,-1000.0,3072098300.0
103.976295,-1000.0,-1000.0,-1000.0,3072820000.0
0.0,-1000.0,-1000.0,-1000.0,0.0
-1000.0,82.74514,-1000.0,-1000.0,3075071000.0
98.12255,-1000.0,-1000.0,-1000.0,3075345400.0
-1000.0,83.29379,-1000.0,-1000.0,3075432200.0
97.247734,-1000.0,-1000.0,-1000.0,3075706000.0
-1000.0,84.03469,-1000.0,-1000.0,3075793400.0
-1000.0,-1000.0,67.74141,-1000.0,3075884300.0
-1000.0,-1000.0,-1000.0,84.946236,3075978500.0
96.51763,-1000.0,-1000.0,-1000.0,3076067000.0
-1000.0,84.911674,-1000.0,-1000.0,3076154400.0
95.95818,-1000.0,-1000.0,-1000.0,3076427800.0
-1000.0,85.872894,-1000.0,-1000.0,3076515600.0
-1000.0,-1000.0,-1000.0,87.04148,3076701000.0
95.53913,-1000.0,-1000.0,-1000.0,3076788700.0
95.06824,-1000.0,-1000.0,-1000.0,3077871400.0
95.01424,-1000.0,-1000.0,-1000.0,3078232300.0
0.0,-1000.0,-1000.0,-1000.0,0.0
-1000.0,-1000.0,-1000.0,-1000.0,-1000.0
-1000.0,-1000.0,94.87167,-1000.0,3080037000.0
-1000.0,-1000.0,94.80904,-1000.0,3080759000.0
95.11576,-1000.0,-1000.0,-1000.0,3084368600.0
-1000.0,95.033676,-1000.0,-1000.0,3084458800.0
-1000.0,-1000.0,-1000.0,-1000.0,-1000.0
0.0,-1000.0,-1000.0,-1000.0,0.0
-1000.0,-1000.0,-1000.0,-1000.0,-1000.0
-1000.0,-1000.0,-1000.0,-1000.0,-1000.0
-1000.0,-1000.0,-1000.0,-1000.0,-1000.0
-1000.0,92.68786,-1000.0,-1000.0,3086624000.0
-1000.0,-1000.0,-1000.0,-1000.0,-1000.0
-1000.0,92.048485,-1000.0,-1000.0,3087345700.0
-1000.0,-1000.0,72.26888,-1000.0,3087436000.0
-1000.0,-1000.0,-1000.0,92.22129,3087530800.0
98.39688,-1000.0,-1000.0,-1000.0,3087618000.0
-1000.0,91.77632,-1000.0,-1000.0,3087706600.0
-1000.0,-1000.0,72.724655,-1000.0,3087797000.0
-1000.0,-1000.0,-1000.0,91.934006,3087891700.0
-1000.0,-1000.0,-1000.0,-1000.0,-1000.0
-1000.0,-1000.0,-1000.0,-1000.0,-1000.0
-1000.0,-1000.0,-1000.0,-1000.0,-1000.0
100.157326,-1000.0,-1000.0,-1000.0,3098086400.0
-1000.0,-1000.0,-1000.0,-1000.0,-1000.0
99.9802,-1000.0,-1000.0,-1000.0,3100613000.0
-1000.0,95.36201,-1000.0,-1000.0,3101423900.0
100.29341,-1000.0,-1000.0,-1000.0,3102056700.0
-1000.0,95.32529,-1000.0,-1000.0,3102145800.0
100.37549,-1000.0,-1000.0,-1000.0,3102417700.0
-1000.0,-1000.0,-1000.0,95.65578,3103413800.0
100.44245,-1000.0,-1000.0,-1000.0,3103500500.0
-1000.0,-1000.0,-1000.0,-1000.0,-1000.0
-1000.0,95.53913,-1000.0,-1000.0,3104311300.0
-1000.0,-1000.0,72.70306,-1000.0,3104401000.0
-1000.0,-1000.0,-1000.0,95.91714,3104496400.0
100.2394,-1000.0,-1000.0,-1000.0,3104583200.0
-1000.0,-1000.0,-1000.0,-1000.0,-1000.0
-1000.0,-1000.0,71.51719,-1000.0,3105122300.0
0.0,-1000.0,-1000.0,-1000.0,0.0
99.91756,-1000.0,-1000.0,-1000.0,3105304800.0
-1000.0,95.61257,-1000.0,-1000.0,3105394200.0
-1000.0,-1000.0,70.737404,-1000.0,3105483300.0
-1000.0,-1000.0,-1000.0,96.159065,3105579300.0
99.72747,-1000.0,-1000.0,-1000.0,3105665800.0
-1000.0,95.66873,-1000.0,-1000.0,3105755100.0
-1000.0,-1000.0,69.81506,-1000.0,3105844000.0
-1000.0,-1000.0,-1000.0,96.35131,3105940200.0
99.515785,-1000.0,-1000.0,-1000.0,3106026800.0
-1000.0,95.81778,-1000.0,-1000.0,3106116000.0
-1000.0,-1000.0,68.8776,-1000.0,3106204400.0
-1000.0,-1000.0,-1000.0,96.59972,3106301200.0
99.347305,-1000.0,-1000.0,-1000.0,3106387500.0
-1000.0,96.048904,-1000.0,-1000.0,3106477000.0
99.13562,-1000.0,-1000.0,-1000.0,3106748400.0
-1000.0,96.33187,-1000.0,-1000.0,3106838000.0
-1000.0,-1000.0,66.898994,-1000.0,3106925800.0
-1000.0,-1000.0,-1000.0,97.32765,3107023000.0
98.98441,-1000.0,-1000.0,-1000.0,3107109400.0
-1000.0,96.638596,-1000.0,-1000.0,3107199000.0
-1000.0,-1000.0,65.793045,-1000.0,3107286500.0
98.96497,-1000.0,-1000.0,-1000.0,3107470000.0
99.06218,-1000.0,-1000.0,-1000.0,3107831000.0
97.03173,-1000.0,-1000.0,-1000.0,3107921000.0
-1000.0,97.14189,-1000.0,-1000.0,3108281900.0
-1000.0,97.223976,-1000.0,-1000.0,3109003500.0
100.345245,-1000.0,-1000.0,-1000.0,3109275000.0
-1000.0,97.20021,-1000.0,-1000.0,3109364500.0
-1000.0,-1000.0,-1000.0,-1000.0,-1000.0
-1000.0,96.50252,-1000.0,-1000.0,3112251600.0
108.050156,-1000.0,-1000.0,-1000.0,3112525000.0
-1000.0,96.141785,-1000.0,-1000.0,3112612600.0
108.823456,-1000.0,-1000.0,-1000.0,3112886300.0
-1000.0,-1000.0,40.93084,-1000.0,3114138400.0
0.0,-1000.0,-1000.0,-1000.0,0.0
-1000.0,-1000.0,-1000.0,-1000.0,-1000.0
-1000.0,-1000.0,-1000.0,-1000.0,-1000.0
110.964066,-1000.0,-1000.0,-1000.0,3119024000.0
-1000.0,90.97494,-1000.0,-1000.0,3119109600.0
-1000.0,-1000.0,48.179977,-1000.0,3119194600.0
-1000.0,-1000.0,-1000.0,92.84987,3119295200.0
109.897,-1000.0,-1000.0,-1000.0,3119384800.0
-1000.0,91.76552,-1000.0,-1000.0,3119470800.0
-1000.0,-1000.0,50.0441,-1000.0,3119556000.0
-1000.0,-1000.0,-1000.0,93.44388,3119656200.0
108.879616,-1000.0,-1000.0,-1000.0,3119745500.0
-1000.0,92.48698,-1000.0,-1000.0,3119832000.0
-1000.0,-1000.0,51.970867,-1000.0,3119917600.0
-1000.0,-1000.0,-1000.0,94.040054,3120017400.0
107.92487,-1000.0,-1000.0,-1000.0,3120106500.0
-1000.0,93.154434,-1000.0,-1000.0,3120193300.0
-1000.0,-1000.0,-1000.0,94.64271,3120378600.0
106.96365,-1000.0,-1000.0,-1000.0,3120467200.0
-1000.0,-1000.0,-1000.0,95.16976,3120739800.0
106.21843,-1000.0,-1000.0,-1000.0,3120828000.0
-1000.0,94.32086,-1000.0,-1000.0,3120915500.0
-1000.0,-1000.0,57.38828,-1000.0,3121001700.0
104.952644,-1000.0,-1000.0,-1000.0,3121549600.0
-1000.0,-1000.0,-1000.0,95.8869,3121822700.0
104.46015,-1000.0,-1000.0,-1000.0,3121910500.0
-1000.0,-1000.0,62.041035,-1000.0,3122085600.0
-1000.0,-1000.0,-1000.0,95.84802,3122183700.0
104.09942,-1000.0,-1000.0,-1000.0,3122271200.0
-1000.0,95.00344,-1000.0,-1000.0,3122359300.0
-1000.0,-1000.0,63.375946,-1000.0,3122446800.0
-1000.0,-1000.0,-1000.0,95.58881,3122544600.0
103.792694,-1000.0,-1000.0,-1000.0,3122632200.0
-1000.0,94.82632,-1000.0,-1000.0,3122720300.0
-1000.0,-1000.0,64.540215,-1000.0,3122808000.0
-1000.0,-1000.0,-1000.0,95.34473,3122905300.0
-1000.0,-1000.0,-1000.0,-1000.0,-1000.0
-1000.0,94.61247,-1000.0,-1000.0,3123081200.0
-1000.0,-1000.0,65.590004,-1000.0,3123169300.0
-1000.0,-1000.0,-1000.0,94.996956,3123266300.0
-1000.0,94.34246,-1000.0,-1000.0,3123442200.0
-1000.0,-1000.0,66.620346,-1000.0,3123530500.0
-1000.0,-1000.0,-1000.0,94.67943,3123627300.0
-1000.0,94.08109,-1000.0,-1000.0,3123803000.0
-1000.0,-1000.0,67.46061,-1000.0,3123891700.0
-1000.0,-1000.0,-1000.0,94.43751,3123988000.0
103.03236,-1000.0,-1000.0,-1000.0,3124075800.0
-1000.0,93.87373,-1000.0,-1000.0,3124163800.0
-1000.0,-1000.0,-1000.0,-1000.0,-1000.0
-1000.0,-1000.0,-1000.0,-1000.0,-1000.0
-1000.0,93.31644,-1000.0,-1000.0,3125607400.0
-1000.0,93.24084,-1000.0,-1000.0,3125968400.0
-1000.0,-1000.0,-1000.0,-1000.0,-1000.0
-1000.0,93.26891,-1000.0,-1000.0,3126690300.0
-1000.0,93.28835,-1000.0,-1000.0,3127051300.0
-1000.0,93.301315,-1000.0,-1000.0,3127412200.0
-1000.0,-1000.0,69.47378,-1000.0,3127501300.0
-1000.0,93.31644,-1000.0,-1000.0,3128494800.0
-1000.0,93.29484,-1000.0,-1000.0,3128855800.0
-1000.0,-1000.0,-1000.0,93.52812,3129401900.0
-1000.0,-1000.0,69.63794,-1000.0,3130028000.0
102.706184,-1000.0,-1000.0,-1000.0,3130211600.0
-1000.0,93.08531,-1000.0,-1000.0,3130299600.0
-1000.0,-1000.0,69.67466,-1000.0,3130389000.0
102.93515,-1000.0,-1000.0,-1000.0,3130572800.0
-1000.0,-1000.0,-1000.0,-1000.0,-1000.0
-1000.0,-1000.0,-1000.0,-1000.0,-1000.0
-1000.0,92.81098,-1000.0,-1000.0,3131021600.0
-1000.0,-1000.0,-1000.0,-1000.0,-1000.0
0.0,-1000.0,-1000.0,-1000.0,0.0
-1000.0,91.38103,-1000.0,-1000.0,3132826000.0
-1000.0,90.886375,-1000.0,-1000.0,3133186800.0
106.47764,-1000.0,-1000.0,-1000.0,3133461200.0
106.94421,-1000.0,-1000.0,-1000.0,3133822500.0
-1000.0,89.907875,-1000.0,-1000.0,3133908700.0
-1000.0,-1000.0,64.32421,-1000.0,3133997600.0
107.36974,-1000.0,-1000.0,-1000.0,3134183400.0
-1000.0,89.84091,-1000.0,-1000.0,3134269400.0
-1000.0,-1000.0,63.600594,-1000.0,3134358300.0
-1000.0,-1000.0,-1000.0,90.311806,3134454800.0
107.82335,-1000.0,-1000.0,-1000.0,3134544400.0
-1000.0,90.348526,-1000.0,-1000.0,3134630700.0
-1000.0,-1000.0,63.08218,-1000.0,3134719200.0
108.07608,-1000.0,-1000.0,-1000.0,3134905600.0
-1000.0,91.54087,-1000.0,-1000.0,3134992000.0
-1000.0,-1000.0,62.72361,-1000.0,3135080000.0
-1000.0,-1000.0,-1000.0,92.819626,3135177200.0
-1000.0,-1000.0,-1000.0,-1000.0,-1000.0
-1000.0,-1000.0,-1000.0,-1000.0,-1000.0
-1000.0,-1000.0,-1000.0,-1000.0,-1000.0
-1000.0,-1000.0,-1000.0,95.126564,3135538700.0
0.0,-1000.0,-1000.0,-1000.0,0.0
-1000.0,-1000.0,-1000.0,100.78806,3136262100.0
107.04573,-1000.0,-1000.0,-1000.0,3136349200.0
-1000.0,101.32375,-1000.0,-1000.0,3136438000.0
106.7282,-1000.0,-1000.0,-1000.0,3136710100.0
105.04768,-1000.0,-1000.0,-1000.0,3138153500.0
104.326225,-1000.0,-1000.0,-1000.0,3138875100.0
-1000.0,119.99093,-1000.0,-1000.0,3139330000.0
-1000.0,-1000.0,61.45134,-1000.0,3139411200.0
-1000.0,123.41245,-1000.0,-1000.0,3144384300.0
-1000.0,-1000.0,-1000.0,-1000.0,-1000.0
102.84227,-1000.0,-1000.0,-1000.0,3146094000.0
102.83147,-1000.0,-1000.0,-1000.0,3146455000.0
0.0,-1000.0,-1000.0,-1000.0,0.0
-1000.0,-1000.0,60.745003,-1000.0,3147713300.0
-1000.0,-1000.0,60.163948,-1000.0,3148074000.0
101.79465,-1000.0,-1000.0,-1000.0,3148981500.0
-1000.0,102.75155,-1000.0,-1000.0,3149072100.0
-1000.0,-1000.0,-1000.0,-1000.0,-1000.0
-1000.0,94.98832,-1000.0,-1000.0,3150153000.0
100.9587,-1000.0,-1000.0,-1000.0,3150425000.0
-1000.0,92.471855,-1000.0,-1000.0,3150513400.0
-1000.0,-1000.0,58.59575,-1000.0,3150600200.0
100.636856,-1000.0,-1000.0,-1000.0,3150786000.0
-1000.0,90.020195,-1000.0,-1000.0,3150873900.0
-1000.0,-1000.0,-1000.0,89.81931,3151058700.0
-1000.0,87.70462,-1000.0,-1000.0,3151234300.0
-1000.0,-1000.0,-1000.0,-1000.0,-1000.0
-1000.0,-1000.0,-1000.0,-1000.0,-1000.0
-1000.0,-1000.0,-1000.0,-1000.0,-1000.0
-1000.0,83.918045,-1000.0,-1000.0,3151955200.0
-1000.0,-1000.0,-1000.0,-1000.0,-1000.0
-1000.0,-1000.0,-1000.0,-1000.0,-1000.0
-1000.0,82.34337,-1000.0,-1000.0,3152316000.0
-1000.0,-1000.0,57.580524,-1000.0,3152405000.0
-1000.0,-1000.0,-1000.0,82.38009,3152501000.0
99.04274,-1000.0,-1000.0,-1000.0,3152590600.0
-1000.0,-1000.0,57.574043,-1000.0,3152766000.0
-1000.0,-1000.0,-1000.0,-1000.0,-1000.0
98.63881,-1000.0,-1000.0,-1000.0,3156200000.0
-1000.0,-1000.0,-1000.0,-1000.0,-1000.0
-1000.0,-1000.0,57.934772,-1000.0,3156375600.0
-1000.0,-1000.0,-1000.0,85.9377,3156472300.0
-1000.0,-1000.0,57.993095,-1000.0,3156736500.0
-1000.0,-1000.0,-1000.0,-1000.0,-1000.0
-1000.0,-1000.0,-1000.0,-1000.0,-1000.0
-1000.0,-1000.0,-1000.0,-1000.0,-1000.0
-1000.0,-1000.0,-1000.0,-1000.0,-1000.0
-1000.0,-1000.0,-1000.0,-1000.0,-1000.0
0.0,-1000.0,-1000.0,-1000.0,0.0
-1000.0,95.97762,-1000.0,-1000.0,3159899400.0
-1000.0,-1000.0,62.516247,-1000.0,3159986400.0
-1000.0,96.51547,-1000.0,-1000.0,3160260400.0
-1000.0,-1000.0,63.870598,-1000.0,3160347600.0
106.188194,-1000.0,-1000.0,-1000.0,3160533200.0
-1000.0,-1000.0,65.352394,-1000.0,3160708900.0
-1000.0,-1000.0,-1000.0,97.50262,3160806700.0
108.60529,-1000.0,-1000.0,-1000.0,3160895000.0
111.186554,-1000.0,-1000.0,-1000.0,3161256400.0
-1000.0,97.4983,-1000.0,-1000.0,3161343500.0
-1000.0,97.746704,-1000.0,-1000.0,3161704400.0
-1000.0,97.96271,-1000.0,-1000.0,3162426600.0
-1000.0,-1000.0,-1000.0,-1000.0,-1000.0
121.749214,-1000.0,-1000.0,-1000.0,3162702800.0
-1000.0,98.02967,-1000.0,-1000.0,3162787600.0
-1000.0,-1000.0,78.405594,-1000.0,3162877700.0
-1000.0,-1000.0,-1000.0,96.820045,3162972200.0
124.23111,-1000.0,-1000.0,-1000.0,3163064300.0
-1000.0,97.95839,-1000.0,-1000.0,3163148500.0
-1000.0,-1000.0,80.97173,-1000.0,3163239400.0
-1000.0,-1000.0,-1000.0,96.42691,3163333000.0
126.56613,-1000.0,-1000.0,-1000.0,3163425800.0
-1000.0,97.89575,-1000.0,-1000.0,3163509500.0
-1000.0,-1000.0,83.529236,-1000.0,3163601000.0
128.65057,-1000.0,-1000.0,-1000.0,3163787300.0
-1000.0,97.69486,-1000.0,-1000.0,3163870500.0
-1000.0,-1000.0,-1000.0,-1000.0,-1000.0
-1000.0,-1000.0,-1000.0,95.42465,3164054800.0
-1000.0,-1000.0,-1000.0,-1000.0,-1000.0
-1000.0,97.29093,-1000.0,-1000.0,3164231400.0
-1000.0,-1000.0,-1000.0,94.74639,3164415700.0
131.98138,-1000.0,-1000.0,-1000.0,3164510200.0
-1000.0,96.87405,-1000.0,-1000.0,3164592000.0
-1000.0,-1000.0,89.97268,-1000.0,3164685300.0
-1000.0,-1000.0,-1000.0,94.08542,3164776700.0
-1000.0,-1000.0,-1000.0,-1000.0,-1000.0
134.88449,-1000.0,-1000.0,-1000.0,3166315800.0
-1000.0,-1000.0,-1000.0,-1000.0,-1000.0
-1000.0,-1000.0,-1000.0,92.01392,3166581000.0
-1000.0,-1000.0,-1000.0,-1000.0,-1000.0
-1000.0,94.87167,-1000.0,-1000.0,3166757600.0
-1000.0,-1000.0,94.096214,-1000.0,3166852400.0
-1000.0,-1000.0,-1000.0,91.74392,3166942000.0
-1000.0,94.68159,-1000.0,-1000.0,3167118600.0
-1000.0,-1000.0,-1000.0,-1000.0,-1000.0
-1000.0,-1000.0,-1000.0,91.607834,3167303000.0
-1000.0,94.573586,-1000.0,-1000.0,3167479600.0
-1000.0,-1000.0,-1000.0,-1000.0,-1000.0
134.9493,-1000.0,-1000.0,-1000.0,3167759600.0
-1000.0,94.47207,-1000.0,-1000.0,3167840500.0
-1000.0,-1000.0,-1000.0,-1000.0,-1000.0
-1000.0,94.43751,-1000.0,-1000.0,3168201500.0
-1000.0,-1000.0,93.62316,-1000.0,3168296200.0
-1000.0,-1000.0,-1000.0,-1000.0,-1000.0
134.6728,-1000.0,-1000.0,-1000.0,3168481500.0
-1000.0,-1000.0,93.264595,-1000.0,3168657000.0
-1000.0,-1000.0,-1000.0,-1000.0,-1000.0
134.3272,-1000.0,-1000.0,-1000.0,3168842500.0
-1000.0,-1000.0,92.83475,-1000.0,3169017900.0
-1000.0,-1000.0,-1000.0,-1000.0,-1000.0
-1000.0,-1000.0,-1000.0,-1000.0,-1000.0
-1000.0,-1000.0,-1000.0,-1000.0,-1000.0
127.71528,-1000.0,-1000.0,-1000.0,3171006700.0
-1000.0,-1000.0,-1000.0,-1000.0,-1000.0
-1000.0,-1000.0,-1000.0,97.10085,3171275000.0
125.03681,-1000.0,-1000.0,-1000.0,3171367200.0
-1000.0,-1000.0,-1000.0,98.33856,3171636200.0
121.973854,-1000.0,-1000.0,-1000.0,3171727400.0
-1000.0,99.81387,-1000.0,-1000.0,3171812400.0
-1000.0,-1000.0,76.63867,-1000.0,3171902000.0
-1000.0,-1000.0,-1000.0,99.36243,3171997400.0
118.48969,-1000.0,-1000.0,-1000.0,3172087600.0
-1000.0,100.24373,-1000.0,-1000.0,3172173600.0
-1000.0,-1000.0,73.05082,-1000.0,3172262100.0
-1000.0,-1000.0,-1000.0,100.1314,3172358700.0
114.523834,-1000.0,-1000.0,-1000.0,3172447700.0
-1000.0,-1000.0,69.460815,-1000.0,3172622300.0
-1000.0,-1000.0,-1000.0,100.47701,3172719600.0
110.41541,-1000.0,-1000.0,-1000.0,3172807700.0
-1000.0,-1000.0,66.196976,-1000.0,3172982500.0
106.46252,-1000.0,-1000.0,-1000.0,3173167600.0
-1000.0,94.84576,-1000.0,-1000.0,3174338000.0
-1000.0,-1000.0,-1000.0,95.84154,3174523400.0
92.435135,-1000.0,-1000.0,-1000.0,3174608400.0
-1000.0,-1000.0,53.860916,-1000.0,3174784300.0
-1000.0,-1000.0,-1000.0,94.23446,3174883800.0
89.73723,-1000.0,-1000.0,-1000.0,3174968600.0
-1000.0,-1000.0,50.888683,-1000.0,3175505700.0
-1000.0,-1000.0,-1000.0,91.2039,3175605200.0
-1000.0,-1000.0,-1000.0,-1000.0,-1000.0
-1000.0,-1000.0,-1000.0,-1000.0,-1000.0
-1000.0,-1000.0,-1000.0,-1000.0,-1000.0
-1000.0,-1000.0,-1000.0,-1000.0,-1000.0
-1000.0,83.842445,-1000.0,-1000.0,3177223200.0
-1000.0,83.272194,-1000.0,-1000.0,3177584000.0
-1000.0,-1000.0,-1000.0,-1000.0,-1000.0
-1000.0,-1000.0,-1000.0,-1000.0,-1000.0
-1000.0,-1000.0,-1000.0,-1000.0,-1000.0
79.35602,-1000.0,-1000.0,-1000.0,3178215000.0
-1000.0,82.83802,-1000.0,-1000.0,3178306000.0
